Сайт;Тип блока;Заголовок;Описание;Дата и время;Картинка;Ссылка
lenta.ru;BIG;Американский авианосец зашел в Карибское море;;19:29;https://icdn.lenta.ru/images/2025/11/16/19/20251116193120620/owl_article_280_d3d1cf478c14892a4e57fd5dcd60141c.jpg;https://lenta.ru/news/2025/11/16/amerikanskiy-avianosets-zashel-v-karibskoe-more/
lenta.ru;MINI;Оценены шансы «Вашингтона» выйти в плей-офф НХЛ;;19:49;;https://lenta.ru/news/2025/11/16/otseneny-shansy-vashingtona-vyyti-v-pley-off-nhl/
lenta.ru;MINI;В Подмосковье из-за первого гололеда произошло массовое ДТП;;19:38;;https://lenta.ru/news/2025/11/16/v-podmoskovie-iz-za-pervogo-gololeda-proizoshlo-massovoe-dtp/
lenta.ru;MINI;Популярная певица прикрыла голую грудь пером на фото;;19:36;;https://lenta.ru/news/2025/11/16/populyarnaya-pevitsa-prikryla-goluyu-grud-perom-na-foto/
lenta.ru;MINI;В письмах Эпштейна нашли рассуждения о теориях заговора;;19:22;;https://lenta.ru/news/2025/11/16/epstein/
lenta.ru;MINI;Застигнутый за просмотром эротики американский конгрессмен возложил вину на Маска;;19:21;;https://lenta.ru/news/2025/11/16/zastignutyy-za-prosmotrom-erotiki-amerikanskiy-kongressmen-vozlozhil-vinu-na-maska/
lenta.ru;MINI;Россиян предупредили о риске сокращения жизни на 10-15 лет из-за опасного заболевания;;19:12;;https://lenta.ru/news/2025/11/16/rossiyan-predupredili-o-riske-sokrascheniya-zhizni-na-10-15-let-iz-za-opasnogo-zabolevaniya/
lenta.ru;MINI;В неопубликованных файлах Эпштейна найдены новые имена знаменитостей;;18:50;;https://lenta.ru/news/2025/11/16/v-neopublikovannyh-faylah-epshteyna-obnaruzheny-novye-imena-znamenitostey/
lenta.ru;MINI;Стало известно о поведении в колонии бывшего замглавы Росприроднадзора Митволя;;18:47;;https://lenta.ru/news/2025/11/16/stalo-izvestno-o-povedenii-v-kolonii-byvshego-zamglavy-rosprirodnadzora-mitvolya/
lenta.ru;MINI;Названы способы подготовить питомцев к зиме;;18:44;;https://lenta.ru/news/2025/11/16/pitomtsy/
lenta.ru;MINI;Нурмагомедов прокомментировал завоевание Махачевым второго чемпионского пояса;;18:44;;https://lenta.ru/news/2025/11/16/nurmagomedov-prokommentiroval-zavoevanie-mahachevym-vtorogo-chempionskogo-poyasa/
lenta.ru;MINI;Кардиолог назвал сохраняющие здоровье сердца продукты;;18:40;;https://lenta.ru/news/2025/11/16/kardiolog-nazval-sohranyayuschie-zdorovie-serdtsa-produkty/
lenta.ru;MINI;Российскую актрису обманули при покупке квартиры;;18:17;;https://lenta.ru/news/2025/11/16/rossiyskuyu-aktrisu-obmanuli-pri-pokupke-kvartiry/
lenta.ru;MINI;Умер известный российский американист;;18:12;;https://lenta.ru/news/2025/11/16/umer-izvestnyy-rossiyskiy-amerikanist/
lenta.ru;MINI;Розенбаум захотел ударить журналиста за вопрос о квартире;;17:31;;https://lenta.ru/news/2025/11/16/rozenbaum-zahotel-udarit-zhurnalista-za-vopros-o-kvartire/
lenta.ru;MINI;Россияне лишились элитных квартир, купленных в Египте 17 лет назад. Людей выгнали с вещами на улицу;;17:30;;https://lenta.ru/news/2025/11/16/rossiyane-lishilis-elitnyh-kvartir-kuplennyh-v-egipte-17-let-nazad-lyudey-vygnali-s-veschami-na-ulitsu/
lenta.ru;FEATURE;Почти 200 россиян заразили гепатитом в онкоцентре, очаг нашли в кабинете КТ.;Как в России скрывали массовые вспышки болезней?;00:01;https://icdn.lenta.ru/images/2025/11/14/14/20251114140638436/owl_feature_580_869676ad65b5f46f7c29ee0587ede4e6.jpg;https://lenta.ru/articles/2025/11/16/infections/
lenta.ru;BIG;«Тотальная доминация»;Махачев победил Маддалену, забрав второй пояс UFC. Теперь он официально стал круче Нурмагомедова;12:38;https://icdn.lenta.ru/images/2025/11/16/09/20251116095816773/owl_article_280_ae2ad2e76783ab22a2bf2f365c9369a1.jpg;https://lenta.ru/articles/2025/11/16/legko/
lenta.ru;MINI;Стало известно о продолжении контактов США и России по конфликту на Украине;;18:43;;https://lenta.ru/news/2025/11/16/stalo-izvestno-o-prodolzhenii-kontaktov-ssha-i-rossii-po-konfliktu-na-ukraine/
lenta.ru;MINI;Пенсионер повернул не туда по дороге к врачу и оказался за 1600 километров от дома;;18:36;;https://lenta.ru/news/2025/11/16/pensioner-povernul-ne-tuda-po-doroge-k-vrachu-i-okazalsya-za-1600-kilometrov-ot-doma/
lenta.ru;MINI;Россиянам назвали худшее действие при затоплении соседей;;18:30;;https://lenta.ru/news/2025/11/16/rossiyanam-nazvali-hudshee-deystvie-pri-zatoplenii-sosedey/
lenta.ru;MINI;Глава СВР высказался о роли СССР в победе над нацизмом;;18:28;;https://lenta.ru/news/2025/11/16/glava-svr-vyskazalsya-o-roli-sssr-v-pobede-nad-natsizmom/
lenta.ru;MINI;Москвичей предупредили об опасности;;18:27;;https://lenta.ru/news/2025/11/16/moskvichey-predupredili-ob-opasnosti/
lenta.ru;MINI;Греция и Украина подписали меморандум о поставках газа;;18:27;;https://lenta.ru/news/2025/11/16/gretsiya-i-ukraina-podpisali-memorandum-o-postavkah-kievu-gaza-iz-ssha/
lenta.ru;BIG;Амстердам решил избавиться от имиджа города грехов.;И для этого собирается строить «мегабордель»;00:01;https://icdn.lenta.ru/images/2025/11/07/17/20251107173059953/owl_article_280_bb2a9f425497e0e2742a784b5e03aaf3.jpg;https://lenta.ru/extlink/2025/11/07/amsterdam-reshil-izbavitsya-ot-imidzha-goroda-grehov/?intlnk=true
lenta.ru;MINI;Реакция США на коррупционный скандал на Украине вызвала удивление в Кремле;;;https://icdn.lenta.ru/images/2025/11/16/12/20251116124308324/owl_sq_40_276e541e3d049cf6c6de428bed990bd2.jpg;https://lenta.ru/news/2025/11/16/spetspredstavitel-putina-udivilsya-reaktsii-ssha-na-korruptsionnyy-skandal-na-ukraine/
lenta.ru;MINI;В Кремле ответили на вопрос о следующей встрече Путина и Трампа;;;https://icdn.lenta.ru/images/2025/11/16/11/20251116114808000/owl_sq_40_a2bb5295c9673039f2f242531dacbc7f.jpg;https://lenta.ru/news/2025/11/16/v-kremle-otvetili-na-vopros-o-sleduyuschey-vstreche-putina-i-trampa/
lenta.ru;MINI;Махачев победил Маддалену и стал чемпионом UFC в полусреднем весе;;;https://icdn.lenta.ru/images/2025/11/16/09/20251116090839755/owl_sq_40_60520ff4e818ad9f5bc401484943900e.jpg;https://lenta.ru/news/2025/11/16/mahachev-pobedil-maddalenu-i-stal-chempionom-ufc-v-polusrednem-vese/
lenta.ru;MINI;Европа не смогла убедить Бельгию конфисковать российские активы в пользу Украины. Хранящий деньги депозитарий готов судиться;;;https://icdn.lenta.ru/images/2025/11/15/23/20251115231502239/owl_sq_40_c1b04ce8e8cec3374e23d070b98842a4.jpg;https://lenta.ru/news/2025/11/16/evropa-ne-smogla-ubedit-belgiyu-konfiskovat-rossiyskie-aktivy-v-polzu-ukrainy-hranyaschiy-dengi-depozitariy-gotov-suditsya/
lenta.ru;MINI;«Была дружественная обстановка». Депутаты Европарламента посетили Россию. Что они говорят о поездке?;;;https://icdn.lenta.ru/images/2025/11/15/19/20251115190126717/owl_sq_40_3030dad30206786df6c0f1c12d95d2df.jpg;https://lenta.ru/news/2025/11/15/byla-druzhestvennaya-obstanovka-rossiyu-posetili-neskolko-deputatov-evroparlamenta-chto-oni-govoryat-o-poezdke/
lenta.ru;MINI;«Задействованы серьезные люди». В Киеве на митинг против Зеленского пришли меньше 100 человек;;;https://icdn.lenta.ru/images/2025/11/15/16/20251115160918622/owl_sq_40_32ba12ee8398588f401d610917690a67.jpg;https://lenta.ru/news/2025/11/15/zadeystvovany-serieznye-lyudi-v-kieve-na-miting-protiv-zelenskogo-prishli-menshe-100-chelovek/
lenta.ru;MINI;«Он сам себя отправил бы в газовую камеру». Анализ ДНК выявил у Гитлера редкую генетическую мутацию;;;https://icdn.lenta.ru/images/2025/11/13/14/20251113142224581/owl_sq_40_de235554ffaf4f3bd74f0e8acfa8b7df.jpg;https://lenta.ru/news/2025/11/13/on-sam-sebya-otpravil-by-v-gazovuyu-kameru-analiz-dnk-vyyavil-u-gitlera-geneticheskuyu-mutatsiyu-penisa-i/
lenta.ru;MINI;Сафари на людей. Богачам из Европы продавали туры в зону боевых действий для «снайперского туризма». Что известно о расследовании?;;;https://icdn.lenta.ru/images/2025/11/13/12/20251113123201467/owl_sq_40_5c018eae51490abb30a6baae8e0429cc.jpg;https://lenta.ru/news/2025/11/13/sarajevo/
lenta.ru;MINI;Сидни Суини обвинили в расизме из-за рекламы с ее «хорошими генами». Реакция звезды на хейт превратилась в мем;;;https://icdn.lenta.ru/images/2025/11/11/19/20251111195318923/owl_sq_40_3a88cfabc6aa166f6d4a40c30dedd234.jpg;https://lenta.ru/news/2025/11/13/sidni-suini/
lenta.ru;MINI;Женщины перестали бриться, а бренды зарабатывают миллионы на белье с волосами. Почему растительность на теле стала трендом?;;;https://icdn.lenta.ru/images/2025/11/12/14/20251112145217575/owl_sq_40_45fcd209f85cae1d513fc6c81fa1a7c4.jpg;https://lenta.ru/extlink/2025/11/12/trendom/?intlnk=true
lenta.ru;MINI;«Смотреть матом научиться нельзя». Иностранцы пытаются освоить «славянский взгляд». Почему у них ничего не получается?;;;https://icdn.lenta.ru/images/2025/11/06/11/20251106113100564/owl_sq_40_ff75769bb134faad98069adf51311b53.jpg;https://lenta.ru/news/2025/11/12/slavic-stare/
lenta.ru;MINI;Связанный с Соросом миллионер-филантроп заманивал моделей Playboy в свое секс-подземелье. За его делом следит вся Америка;;;https://icdn.lenta.ru/images/2025/11/07/14/20251107143846983/owl_sq_40_fd747670c95cfac6fe01b6f554a8bd90.jpg;https://lenta.ru/news/2025/11/10/rubim-howard/
lenta.ru;MINI;Многие люди стесняются обращаться к врачу при проблемах, связанных с дефекацией. Как понять, что пора бить тревогу?;;;https://icdn.lenta.ru/images/2025/09/01/22/20250901222405228/owl_sq_40_5f43db66877218b494ec16cc30b631ed.jpg;https://lenta.ru/news/2025/11/09/bolezni/
lenta.ru;BIG;Россияне лишились элитных квартир, купленных в Египте 17 лет назад. Людей выгнали с вещами на улицу;;17:30;https://icdn.lenta.ru/images/2025/11/16/17/20251116171807862/owl_article_250_fc8a9bbc35f4b1084caf0e6b927962b8.jpg;https://lenta.ru/news/2025/11/16/rossiyane-lishilis-elitnyh-kvartir-kuplennyh-v-egipte-17-let-nazad-lyudey-vygnali-s-veschami-na-ulitsu/
lenta.ru;BIG;Беспилотники ВСУ атаковали Волгоград. В многоэтажке начался пожар, пострадали три человека;;04:43;https://icdn.lenta.ru/images/2025/11/16/03/20251116034928286/owl_article_250_48c4baee1db18f9d9b06847246191bcb.jpg;https://lenta.ru/news/2025/11/16/bespilotniki-vsu-atakovali-volgograd-v-mnogoetazhke-nachalsya-pozhar-postradali-tri-cheloveka/
lenta.ru;BIG;Европа не смогла убедить Бельгию конфисковать российские активы в пользу Украины. Хранящий деньги депозитарий готов судиться;;01:21;https://icdn.lenta.ru/images/2025/11/15/23/20251115231502239/owl_article_250_bf7291efb881e0b81fcd4b85c3bd9eb7.jpg;https://lenta.ru/news/2025/11/16/evropa-ne-smogla-ubedit-belgiyu-konfiskovat-rossiyskie-aktivy-v-polzu-ukrainy-hranyaschiy-dengi-depozitariy-gotov-suditsya/
lenta.ru;BIG;Амстердам решил избавиться от имиджа города грехов. И для этого собирается строить «мегабордель»;;00:01;https://icdn.lenta.ru/images/2025/11/07/17/20251107173011187/owl_article_250_1b7ccb6af3e4d8cf6bea8b1531e71752.jpg;https://lenta.ru/news/2025/11/16/amsterdam/
lenta.ru;BIG;«Была дружественная обстановка». Депутаты Европарламента посетили Россию. Что они говорят о поездке?;;18:14, 15 ноября 2025;https://icdn.lenta.ru/images/2025/11/15/17/20251115174439164/owl_article_250_8a4417928ae54a4d2a83534c863af6f9.jpg;https://lenta.ru/news/2025/11/15/byla-druzhestvennaya-obstanovka-rossiyu-posetili-neskolko-deputatov-evroparlamenta-chto-oni-govoryat-o-poezdke/
lenta.ru;BIG;«Задействованы серьезные люди». В Киеве на митинг против Зеленского пришли меньше 100 человек;;16:56, 15 ноября 2025;https://icdn.lenta.ru/images/2025/11/15/16/20251115160558260/owl_article_250_c7d0c46c99c16708c60756ec2c6b51e6.jpg;https://lenta.ru/news/2025/11/15/zadeystvovany-serieznye-lyudi-v-kieve-na-miting-protiv-zelenskogo-prishli-menshe-100-chelovek/
lenta.ru;BIG;В США заявили о планах Трампа конфисковать российские активы. О какой сумме идет речь?;;04:49, 15 ноября 2025;https://icdn.lenta.ru/images/2025/11/15/04/20251115044029392/owl_article_250_15377025408d137a9520a3dd1e8ffcff.jpg;https://lenta.ru/news/2025/11/15/v-ssha-vyskazalis-o-konfiskatsii-rossiyskih-aktivov/
lenta.ru;BIG;«Ад, кишащий педофилами». Что на самом деле происходит в онлайн-игре Roblox, которая популярна у российских детей?;;00:01, 15 ноября 2025;https://icdn.lenta.ru/images/2025/11/14/13/20251114135127722/owl_article_250_b93747a9baf8d3176fb30ed015b29b65.jpg;https://lenta.ru/news/2025/11/15/roblox/
lenta.ru;BIG;«Такие вещи бывают». Обломки «Искандера» упали на посольство Азербайджана в Киеве. Как на это отреагировали в Баку и Москве?;;19:21, 14 ноября 2025;https://icdn.lenta.ru/images/2025/11/14/18/20251114183608364/owl_article_250_bf20f64f099bc90d58d6730ddb4f1708.jpg;https://lenta.ru/news/2025/11/14/takie-veschi-byvayut-oblomki-iskandera-upali-na-posolstvo-azerbaydzhana-v-kieve-kak-na-eto-otreagirovali-v-baku-i-moskve/
lenta.ru;BIG;Грузовик с оружием перехватили на въезде в российскую колонию. Несколько лет назад там произошел бунт;;15:47, 14 ноября 2025;https://icdn.lenta.ru/images/2025/11/14/15/20251114152221473/owl_article_250_b4b702a4c7767aa2199fcc7377c1313f.jpg;https://lenta.ru/news/2025/11/14/gruzovik-s-oruzhiem/
lenta.ru;BIG;«Это жесть». Российская армия нанесла удар возмездия «Кинжалами» по Украине;;15:30, 14 ноября 2025;https://icdn.lenta.ru/images/2025/11/14/14/20251114143858868/owl_article_250_623b1563b3e3d1d440f1ff7fba6f23d1.jpg;https://lenta.ru/news/2025/11/14/eto-zhest-rossiyskaya-armiya-nanesla-udar-vozmezdiya-kinzhalami-po-ukraine/
lenta.ru;BIG;«Зима может стать решающей для Украины». В России объявили о реализации самого жесткого варианта «плана Суровикина»;;05:00, 13 ноября 2025;https://icdn.lenta.ru/images/2025/11/13/09/20251113091340542/owl_article_250_ced713f87426cefbb6d35a9fc57d478a.jpg;https://lenta.ru/news/2025/11/13/zima-mozhet-stat-reshayuschey-dlya-ukrainy-v-rossii-ob-yavili-o-realizatsii-samogo-zhestkogo-varianta-plana-surovikina/
lenta.ru;BIG;На Западе раскрыли три этапа плана России по подчинению Киева. Первый — лишение Украины доступа к Черному морю;;11:57, 12 ноября 2025;https://icdn.lenta.ru/images/2025/11/12/11/20251112113439574/owl_article_250_d098b2b7573065b485a2b14695980181.jpg;https://lenta.ru/news/2025/11/12/na-zapade-raskryli-tri-etapa-plana-rossii-po-podchineniyu-kieva-pervyy-lishenie-ukrainy-dostupa-k-chernomu-moryu/
lenta.ru;BIG;Галкину грозит до трех лет тюрьмы в Израиле. Что он сделал?;;14:06, 14 ноября 2025;https://icdn.lenta.ru/images/2025/11/14/12/20251114125826303/owl_article_250_9727816a502dcafdbfa1158186274649.jpg;https://lenta.ru/news/2025/11/14/galkin-turma/
lenta.ru;BIG;«Больше ни одного евро Украине!» Вокруг Зеленского разгорелся коррупционный скандал. Почему его называют предупреждением Трампа?;;19:14, 12 ноября 2025;https://icdn.lenta.ru/images/2025/11/12/15/20251112153936223/owl_article_250_86f60ed445db91249dc5648cf6f61a2d.jpg;https://lenta.ru/news/2025/11/12/ssha-i-korruptsiya-na-ukraine/
lenta.ru;BIG;Набиуллина признала ошибку в сигналах по ключевой ставке. Из-за этого российский бизнес набрал слишком много дорогих кредитов;;13:02, 14 ноября 2025;https://icdn.lenta.ru/images/2025/11/14/12/20251114124851128/owl_article_250_be23ed0361bab04b31ee32d06c119ed0.jpg;https://lenta.ru/news/2025/11/14/nabiullina-priznala-oshibku-v-signalah-po-klyuchevoy-stavke-iz-za-etogo-rossiyskiy-biznes-nabral-slishkom-mnogo-dorogih-kreditov/
lenta.ru;BIG;«Пройдут ускоренное обучение и будут служить». В России планируют призвать несколько тысяч резервистов. Куда их направят?;;11:15, 14 ноября 2025;https://icdn.lenta.ru/images/2025/11/14/10/20251114103125822/owl_article_250_7e5a1763c765d74116fffc99454af34d.jpg;https://lenta.ru/news/2025/11/14/proydut-uskorennoe-obuchenie-i-budut-sluzhit-v-rossii-planiruyut-prizvat-neskolko-tysyach-rezervistov-kuda-ih-napravyat/
lenta.ru;BIG;ФСБ пресекла теракт против одного из высших чиновников России. Скрытая камера на кладбище, куратор из Киева и другие подробности;;09:04, 14 ноября 2025;https://icdn.lenta.ru/images/2025/11/14/08/20251114084550248/owl_article_250_912ead3bdba0a5ba89be274e09f55bac.jpg;https://lenta.ru/news/2025/11/14/fsb-presekla-terakt-protiv-odnogo-iz-vysshih-chinovnikov-rossii-skrytaya-kamera-na-kladbische-kurator-iz-kieva-i-drugie-podrobnosti/
lenta.ru;BIG;Украина подверглась очередной массированной атаке. Киев потрясли семь непрерывных серий мощных взрывов за ночь;;06:58, 14 ноября 2025;https://icdn.lenta.ru/images/2025/11/14/06/20251114065821955/owl_article_250_75c310111de38432d271f8809bee1091.jpg;https://lenta.ru/news/2025/11/14/ukraina-podverglas-ocherednoy-massirovannoy-atake-kiev-potryasli-uzhe-sem-nepreryvnyh-seriy-moschnyh-vzryvov/
lenta.ru;BIG;«Злейший враг ВСУ». Какое российское секретное подразделение переломило ход спецоперации?;;03:39, 14 ноября 2025;https://icdn.lenta.ru/images/2025/11/14/03/20251114033847090/owl_article_250_0835adbc35e4537b8dc668ee622fdf2d.jpg;https://lenta.ru/news/2025/11/14/zleyshiy-vrag-vsu-kakoe-rossiyskoe-sekretnoe-podrazdelenie-perelomilo-hod-spetsoperatsii/
lenta.ru;BIG;«Бумеранг увольнений»;Работники по всему миру лишились должностей из-за ИИ. Почему их позвали обратно?;00:01;https://icdn.lenta.ru/images/2025/11/14/16/20251114164859147/owl_article_280_df2f235e88b0366754af8b02b463f5d8.jpg;https://lenta.ru/articles/2025/11/16/ai/
lenta.ru;MINI;Синоптик рассказал об аномальном декабре в Москве;;18:22;;https://lenta.ru/news/2025/11/16/sinoptik-rasskazal-ob-anomalnom-dekabre-v-moskve/
lenta.ru;MINI;В Польше высказались о намеченном в Германии аукционе с вещами узников концлагерей;;18:10;;https://lenta.ru/news/2025/11/16/v-polshe-vyskazalis-o-namechennom-v-germanii-auktsione-s-veschami-uznikov-kontslagerey/
lenta.ru;MINI;Российского ребенка госпитализировали после укуса медузы в Малайзии;;17:56;;https://lenta.ru/news/2025/11/16/rossiyskogo-rebenka-gospitalizirovali-posle-ukusa-meduzy-v-malayzii/
lenta.ru;MINI;Франция усомнилась в способности Украины вернуть многомиллиардный кредит;;17:55;;https://lenta.ru/news/2025/11/16/frantsiya-usomnilas-v-sposobnosti-ukrainy-vernut-mnogomilliardnyy-kredit/
lenta.ru;MINI;Черногорцев отправят на обучение ВСУ;;17:52;;https://lenta.ru/news/2025/11/16/chernogortsev-otpravlyayut-na-obuchenie-vsu/
lenta.ru;MINI;После пожара в российском кафе возбудили дело;;17:48;;https://lenta.ru/news/2025/11/16/posle-pozhara-v-rossiyskom-kafe-vozbudili-delo/
lenta.ru;BIG;«Он излучал силу, надежность и уверенность»;Россиянин 10 лет фотографирует маяки. Как их свет изменил его жизнь?;00:01;https://icdn.lenta.ru/images/2025/10/20/12/20251020122243305/owl_article_280_d766e806db11a532a2dc764c6ab188c5.jpg;https://lenta.ru/articles/2025/11/16/lighthouse/
lenta.ru;MINI;Оценены шансы сборной Португалии выйти на чемпионат мира-2026;;17:41;;https://lenta.ru/news/2025/11/16/otseneny-shansy-sbornoy-portugalii-vyyti-na-chempionat-mira-2026/
lenta.ru;BIG;«Ад, кишащий педофилами»;Что на самом деле происходит в онлайн-игре Roblox, которая популярна у российских детей?;00:01, 15 ноября 2025;https://icdn.lenta.ru/images/2025/11/14/13/20251114135513895/owl_article_280_186d5691169169e23f79dc1874f5ff37.jpg;https://lenta.ru/extlink/2025/11/15/roblox-roblox/?intlnk=true
lenta.ru;MINI;МИД Франции назвал условие дальнейшей поддержки Украины;;17:39;;https://lenta.ru/news/2025/11/16/mid-frantsii-nazval-uslovie-dalneyshey-podderzhki-ukrainy/
lenta.ru;MINI;Психиатр раскрыл неожиданный признак шизофрении;;17:32;;https://lenta.ru/news/2025/11/16/psihiatr-raskryl-neozhidannyy-priznak-shizofrenii/
lenta.ru;BIG;С начала года в России задержаны десятки топовых чиновников — губернаторов, мэров и их замов.;Что о них известно?;00:01, 6 ноября 2025;https://icdn.lenta.ru/images/2025/10/23/16/20251023162713532/owl_article_250_1c58cb29aafc5b8fb0ec743e9497e35e.jpg;https://lenta.ru/articles/2025/11/06/aresty/
lenta.ru;BIG;«Нет желающих получить ядерной бомбой»;Как меняется стратегия боевых действий на Украине и что может обрушить оборону ВСУ?;00:01, 7 ноября 2025;https://icdn.lenta.ru/images/2025/10/31/12/20251031125059148/owl_article_250_583ec9436d7efcdfc22dc7cdbd2d7a2a.jpg;https://lenta.ru/articles/2025/11/07/v-kashin/
lenta.ru;BIG;«Мы готовы заключить сделку»;Зачем Александр Лукашенко снова пытается наладить отношения с США и что это означает для России?;00:01, 5 ноября 2025;https://icdn.lenta.ru/images/2025/10/21/13/20251021130035121/owl_article_250_77c0bac1181114d6d6e86ed4071d4bb0.jpg;https://lenta.ru/articles/2025/11/05/us-belorus/
lenta.ru;WIDE;«Грабежи стали обычным явлением»;Как нацисты обращались с жителями советских деревень: уникальные кадры;;https://icdn.lenta.ru/images/2025/07/09/13/20250709130019001/owl_article_big_330_b9602364d28bfd04e1151db12d621d6d.jpg;https://lenta.ru/articles/2025/11/04/glaskovo/
lenta.ru;BIG;«Сделал все, что мог»;Черномырдин создал «Газпром», вел переговоры с Басаевым и сутки рулил страной. Каким он вошел в историю?;00:01, 3 ноября 2025;https://icdn.lenta.ru/images/2025/10/24/13/20251024135459296/owl_article_250_189a784ff5c561a9bebd7ad462d4db76.jpg;https://lenta.ru/articles/2025/11/03/chernomirdin/
lenta.ru;BIG;Случайная встреча вскрыла прошлое телеведущего и превратила его в изгоя.;Как запустилась цепочка загадочных и необъяснимых событий?;00:01, 6 ноября 2025;https://icdn.lenta.ru/images/2025/10/10/13/20251010135437859/owl_article_250_a16f2da17bc337096785e22970de1e98.jpg;https://lenta.ru/articles/2025/11/06/johnson/
lenta.ru;WIDE;«Даже окруженными русские держались за свои позиции»;Как начиналось вторжение нацистов в СССР. Уникальные кадры войны;;https://icdn.lenta.ru/images/2025/11/07/17/20251107173855134/owl_article_big_330_24e3acef46e74d0b775ec74ff53b987d.jpg;https://lenta.ru/articles/2025/11/08/bondar/
lenta.ru;BIG;Женщины перестали бриться, а бренды зарабатывают миллионы на белье с волосами.;Почему растительность на теле стала трендом?;00:01, 7 ноября 2025;https://icdn.lenta.ru/images/2025/11/06/21/20251106213444216/owl_article_250_b81d5c682ed7a80890667295dfd9dfab.jpg;https://lenta.ru/articles/2025/11/07/zhenschiny-perestali-britsya-a-brendy-vypuskayut-belie-s-feykovymi-volosami-i-zarabatyvayut-milliony/
lenta.ru;BIG;Валидольные бои, гранаты и топоры.;Штурмовик прошел Бахмут и описал все «как есть». Чем его история возмутила бойцов «Вагнера»?;00:01, 10 ноября 2025;https://icdn.lenta.ru/images/2025/11/01/11/20251101112705444/owl_article_250_b4f0142a5c075124e9230084d6a9f017.jpg;https://lenta.ru/articles/2025/11/10/peresidok/
lenta.ru;BIG;Умер знаменитый телеведущий Юрий Николаев.;С его передачей «Утренняя почта» просыпалась вся страна;22:10, 4 ноября 2025;https://icdn.lenta.ru/images/2025/11/05/11/20251105113028146/owl_article_250_194d60200e5131f5cbdcc6325d2677e0.jpg;https://lenta.ru/articles/2025/11/04/nikolaev/
lenta.ru;MINI;Москвичи сделали выбор между практичностью и модой в одежде;;17:27;;https://moslenta.ru/news/lyudi/moskvichi-sdelali-vybor-mezhdu-praktichnostyu-i-modoi-v-odezhde-16-11-2025.htm
lenta.ru;BIG;В кино — новый «Хищник».;Почему его уже называют лучшим фильмом в истории культовой франшизы?;00:01, 15 ноября 2025;https://icdn.lenta.ru/images/2025/11/14/13/20251114135351861/owl_article_280_e77ff716f4a6eb48406891792a4c521b.jpg;https://lenta.ru/articles/2025/11/15/predator/
lenta.ru;MINI;На Украине оценили шансы партии Порошенко нанести удар по Зеленскому;;17:25;;https://lenta.ru/news/2025/11/16/na-ukraine-otsenili-shansy-partii-poroshenko-nanesti-udar-po-zelenskomu/
lenta.ru;MINI;Израиль отреагировал на споры о еврейском происхождении Чебурашки;;17:15;;https://lenta.ru/news/2025/11/16/izrail-otreagiroval-na-spory-o-evreyskom-proishozhdenii-cheburashki/
lenta.ru;BIG;«Ставили на колени и затягивали петлю»;Банда Ключевских не щадила ни своих, ни чужих и 10 лет держала в страхе Забайкалье;00:01, 15 ноября 2025;https://icdn.lenta.ru/images/2025/11/14/15/20251114151724793/owl_article_280_6434cc3d44d8df91360a156fd69ca83b.jpg;https://lenta.ru/extlink/2025/11/15/kluchevskie/?intlnk=true
lenta.ru;MINI;Орбан оценил вероятность нападения России на Евросоюз;;17:02;;https://lenta.ru/news/2025/11/16/orban-otsenil-veroyatnost-napadeniya-rossii-na-evrosoyuz/
lenta.ru;MINI;Водолазы отчитались о результатах поисков тела ребенка в московском пруду;;16:57;;https://lenta.ru/news/2025/11/16/vodolazy-otchitalis-o-rezultatah-poiskov-tela-rebenka-v-moskovskom-prudu/
lenta.ru;MINI;Германия заплатит миллионы за защиту от беспилотников;;16:49;;https://lenta.ru/news/2025/11/16/germaniya-zaplatit-milliony-za-zaschitu-ot-bespilotnikov/
lenta.ru;MINI;Оценены шансы сборной Украины попасть в стыковые матчи за право выйти на ЧМ-2026;;16:45;;https://lenta.ru/news/2025/11/16/otseneny-shansy-sbornoy-ukrainy-popast-v-stykovye-matchi-za-pravo-vyyti-na-chm-2026/
lenta.ru;MINI;Премьер Венгрии рассказал о непростых отношениях с Ангелой Меркель;;16:36;;https://lenta.ru/news/2025/11/16/premier-vengrii-rasskazal-o-neprostyh-otnosheniyah-s-angeloy-merkel/
lenta.ru;BIG;«Справедливое наказание для меня — расстрел»;Как главарь самой жестокой банды Забайкалья стал героем СВО и таинственно исчез?;00:01, 14 ноября 2025;https://icdn.lenta.ru/images/2025/11/12/13/20251112135403783/owl_article_280_a675c8f609b88b88118cf78f8b88293b.jpg;https://lenta.ru/articles/2025/11/14/nakazanie-eto-rasstrel/
lenta.ru;MINI;Врач назвал правильную последовательность действий во время принятия душа;;16:35;;https://lenta.ru/news/2025/11/16/vrach-nazval-pravilnuyu-posledovatelnost-deystviy-vo-vremya-prinyatiya-dusha/
lenta.ru;VIDEO;record::d8c85ecc-c528-4146-88ce-d0c60743e106;;;https://icdn.lenta.ru/images/2025/08/06/19/20250806193006533/preview_efdb197425c5ef5b2a90f6de32d4c9ad.jpg;
lenta.ru;VIDEO;record::2ffb1462-f591-48dd-acba-d7fd26eac0a2;;;https://icdn.lenta.ru/images/2025/07/05/14/20250705140005667/preview_c0de784499085f06f6c27956fa70af8c.jpg;
lenta.ru;VIDEO;record::e9903e99-3cf4-481a-b277-8fd508a7b9ea;;;https://icdn.lenta.ru/images/2025/02/05/21/20250205213007924/preview_9665c1db942c1a44cda5522eaf388a39.jpg;
lenta.ru;VIDEO;record::672260ab-5f60-4ae1-94bf-52617b16b4ca;;;https://icdn.lenta.ru/images/2025/08/27/19/20250827193006800/preview_cdc9742d98e4b21536c190a981ff6891.jpg;
lenta.ru;VIDEO;record::3268f16a-4794-4780-911f-3b45a5eaeb6b;;;https://icdn.lenta.ru/images/2025/11/06/20/20251106200004537/preview_134d9dbf1a3719d0a21b2d5d96511869.jpg;
lenta.ru;VIDEO;record::930e6015-1257-4733-b785-d3ca0f838c2c;;;https://icdn.lenta.ru/images/2025/11/05/19/20251105190004906/preview_a701b2b76bb498f422fd1c68005c2904.jpg;
lenta.ru;VIDEO;2056708;;;https://icdn.lenta.ru/images/2022/10/27/20/20221027203028170/preview_d65807b184213af5131f4ab2107c6f7e.jpg;
lenta.ru;VIDEO;record::273b99c6-11be-49b0-b701-9e6f9bae23c3;;;https://icdn.lenta.ru/images/2025/02/22/17/20250222173006558/preview_28c9e696f5c0951fae12f6d53625941d.jpg;
lenta.ru;VIDEO;record::e7cb7cd5-235a-435a-8d77-01e021300c48;;;https://icdn.lenta.ru/images/2025/02/14/18/20250214183010866/preview_ce0364b6da0b88b47705da68857e7cf3.jpg;
lenta.ru;VIDEO;record::a0a436b7-d118-4b6b-a558-133dcc1a5ee0;;;https://icdn.lenta.ru/images/2025/08/26/18/20250826183007882/preview_1b9cab0e4dcb99cfae518030602307db.jpg;
lenta.ru;VIDEO;record::b4b91dfe-ebf6-4c24-90b7-d8cac51c8382;;;https://icdn.lenta.ru/images/2025/05/15/19/20250515190006564/preview_48f733f734d8bc84012d16021bd15e45.jpg;
lenta.ru;VIDEO;record::5efb19cc-cc2a-4ac4-a45e-7ae25b852010;;;https://icdn.lenta.ru/images/2025/02/25/17/20250225173008293/preview_27b61573784824cdebb34e33d1060976.jpg;
lenta.ru;VIDEO;record::37f5f505-4e5a-4727-ad78-e874d491c52a;;;https://icdn.lenta.ru/images/2025/11/14/11/20251114113227586/preview_e12a4b6c483a9154eff0941fdbd955f9.jpg;
lenta.ru;VIDEO;record::58ae0e24-a196-4586-850b-f56db65b2bf9;;;https://icdn.lenta.ru/images/2024/12/21/16/20241221160007590/preview_552336da533f8b6b38adcf30f4624a0e.jpg;
lenta.ru;VIDEO;record::a1fc08a3-f9a4-450d-86af-5a04debc35d0;;;https://icdn.lenta.ru/images/2025/02/08/22/20250208223009703/preview_a0b6a1d2e8e5aee055f372046043278b.jpg;
lenta.ru;VIDEO;record::965039f6-d9a1-4a8f-8bda-3d942f093e5a;;;https://icdn.lenta.ru/images/2025/02/28/19/20250228193004812/preview_9cdca76bd5c83af4eea847ff419a76e6.jpg;
lenta.ru;VIDEO;record::d167ee44-eb67-4fc6-8d4e-389a2ec651dc;;;https://icdn.lenta.ru/images/2025/07/16/15/20250716151603681/preview_bd815f2f79612b5a1a66ad15c80f4761.jpg;
lenta.ru;VIDEO;record::d528ecb5-e32c-4a90-914e-fda0c7549ee2;;;https://icdn.lenta.ru/images/2025/07/07/19/20250707190006349/preview_642db8fa140cb39762718245187e4195.jpg;
lenta.ru;VIDEO;record::ea39cc5c-2620-49c8-9843-b91915549633;;;https://icdn.lenta.ru/images/2025/05/27/18/20250527180005617/preview_02418316ead5f3ee79a80fc9bbf36cb7.jpg;
lenta.ru;VIDEO;record::362fb583-e287-453e-bcb6-c9a26d9dc0ff;;;https://icdn.lenta.ru/images/2025/09/16/17/20250916173007466/preview_d85931928c6d5d290d8944ded6a5d71c.jpg;
lenta.ru;MINI;«Купол Донбасса» перехватил чешские дроны;;16:28;;https://lenta.ru/news/2025/11/16/kupol-donbassa-perehvatil-cheshskie-drony/
lenta.ru;MINI;В России отреагировали на заявления Франции после ударов по Украине;;16:21;;https://lenta.ru/news/2025/11/16/v-rossii-otreagirovali-na-zayavleniya-frantsii-posle-udarov-po-ukraine/
lenta.ru;BIG;«Быстро, жестко и с удовольствием»;Трамп грозит начать войну сразу с двумя странами. Почему он больше не хочет быть миротворцем?;00:01, 14 ноября 2025;https://icdn.lenta.ru/images/2025/11/12/16/20251112163310108/owl_article_280_4694597ecbbdf249d3067f5deb7a6028.jpg;https://lenta.ru/articles/2025/11/14/bystro-zhestko/
lenta.ru;MINI;Украинский олигарх намекнул на стоящих за «кошельком Зеленского» людей;;16:16;;https://lenta.ru/news/2025/11/16/ukrainskiy-oligarh-nameknul-na-stoyaschih-za-koshelkom-zelenskogo-lyudey/
lenta.ru;BIG;Галкину грозит до трех лет тюрьмы в Израиле.;Что он сделал?;17:20, 14 ноября 2025;https://icdn.lenta.ru/images/2025/11/14/13/20251114134650943/owl_article_280_ddd6eaa29b7cf01a6d0692d37492749a.jpg;https://lenta.ru/extlink/2025/11/14/galkin/?intlnk=true
lenta.ru;MINI;Во Франции предупредили об опасности приезда Зеленского к Макрону;;16:16;;https://lenta.ru/news/2025/11/16/vo-frantsii-predupredili-ob-opasnosti-iz-za-priezda-zelenskogo-k-makronu/
lenta.ru;MINI;В НАТО испугались обновленного ядерного арсенала России;;16:14;;https://lenta.ru/news/2025/11/16/v-nato-vyrazili-opaseniya-po-povodu-obnovlennogo-yadernogo-arsenala-rossii/
lenta.ru;MINI;Посольство России раскритиковало Бельгию за выводы об ударе по Киеву;;16:07;;https://lenta.ru/news/2025/11/16/posolstvo-rossii-raskritikovalo-belgiyu-za-goloslovnye-vyvody/
lenta.ru;MINI;Появился подозреваемый в убийстве обнаруженного в московском пруду ребенка;;15:49;;https://lenta.ru/news/2025/11/16/poyavilsya-podozrevaemyy-v-ubiystve-obnaruzhennogo-v-moskovskom-prudu-rebenka/
lenta.ru;MINI;Захарова высмеяла кошачью русофобию на Украине;;15:47;;https://lenta.ru/news/2025/11/16/zaharova-vysmeyala-koshachyu-rusofobiyu-na-ukraine/
lenta.ru;BIG;Сафари на людей.;Богачам из Европы продавали туры в зону военных действий для «снайперского туризма». Что известно о расследовании?;00:01, 14 ноября 2025;https://icdn.lenta.ru/images/2025/11/13/12/20251113122656288/owl_article_280_bd10e071eed3509731cd80c7ad6d25ac.jpg;https://lenta.ru/extlink/2025/11/14/snaiperskyturizm/?intlnk=true
lenta.ru;MINI;Ректор МГУ сообщил о возможности студентов стать офицерами;;15:44;;https://lenta.ru/news/2025/11/16/rektor-mgu-soobschil-o-vozmozhnosti-studentov-stat-ofitserami/
lenta.ru;BIG;В кино — «Иллюзия обмана 3».;Фокусники-грабители противостоят европейскому фашизму. Почему это стоит увидеть?;00:01, 14 ноября 2025;https://icdn.lenta.ru/images/2025/11/13/15/20251113152949145/owl_article_280_11a6191e6586f096b55f5ed46f9418d9.jpg;https://lenta.ru/articles/2025/11/14/nowyousee/
lenta.ru;MINI;Врач назвала еще одну неочевидную опасность алкоголя;;15:33;;https://lenta.ru/news/2025/11/16/vrach-nazvala-esche-odnu-neochevidnuyu-opasnost-alkogolya/
lenta.ru;MINI;Военные рассказали об открывшихся после взятия Малой Токмачки возможностях;;15:52;;https://lenta.ru/news/2025/11/16/voennye-rasskazali-ob-otkryvshihsya-posle-vzyatiya-maloy-tokmachki-vozmozhnostyah/
lenta.ru;MINI;Напряженный бой российских военных с дронами ВСУ попал на видео;;15:49;;https://lenta.ru/news/2025/11/16/napryazhennyy-boy-rossiyskih-voennyh-s-dronami-vsu-popal-na-video/
lenta.ru;MINI;Аршавин назвал подходящего «Спартаку» тренера;;15:30;;https://lenta.ru/news/2025/11/16/arshavin-nazval-podhodyaschego-spartaku-trenera/
lenta.ru;MINI;Японцы разошлись во мнениях о действиях страны в случае столкновения Китая и Тайваня;;15:28;;https://lenta.ru/news/2025/11/16/yapontsy-razoshlis-vo-mneniyah-o-deystviyah-strany-v-sluchae-stolknoveniya-kitaya-i-tayvanya/
lenta.ru;MINI;России указали на упущенную возможность встречи с Трампом;;15:20;;https://lenta.ru/news/2025/11/16/rossii-ukazali-na-upuschennuyu-vozmozhnost-vstrechi-s-trampom/
lenta.ru;BIG;«Он сам себя отправил бы в газовую камеру»;Анализ ДНК выявил у Гитлера редкую генетическую мутацию;07:32, 14 ноября 2025;https://icdn.lenta.ru/images/2025/11/14/07/20251114073233307/owl_article_280_8ed2d0072b42d75704fa72999352a462.jpg;https://lenta.ru/extlink/2025/11/14/on-sam-sebya-otpravil-by-v-gazovuyu-kameru/?intlnk=true
lenta.ru;MINI;Вучич высказался о будущем «дочки» крупной российской компании в Сербии;;15:13;;https://lenta.ru/news/2025/11/16/vuchich-vyskazalsya-o-buduschem-krupnoy-rossiyskoy-kompanii-v-serbii/
lenta.ru;BIG;Россияне ожесточенно спорят, кого нужно спасать при пожаре: своего питомца или чужого ребенка.;Что говорит о человеке его выбор?;00:01, 14 ноября 2025;https://icdn.lenta.ru/images/2025/11/10/19/20251110191535685/owl_article_280_cc276c9e31bc6fdc725950c11bec5eca.jpg;https://lenta.ru/extlink/2025/11/14/rossiyane-ozhestochenno-sporyat-kogo-nuzhno-spasat-pri-pozhare-svoego-pitomtsa-ili-chuzhogo-rebenka/?intlnk=true
lenta.ru;MINI;Россияне лишились купленных более 15 лет назад элитных квартир в Египте;;14:55;;https://lenta.ru/news/2025/11/16/rossiyane-lishilis-kuplennyh-bolee-15-let-nazad-elitnyh-kvartir-v-egipte/
lenta.ru;MINI;Появилась информация об отце будущего ребенка блогерши Чекалиной;;14:53;;https://lenta.ru/news/2025/11/16/poyavilas-informatsiya-ob-ottse-buduschego-rebenka-blogershi-chekalinoy/
lenta.ru;MINI;Стало известно о смерти 21-летней российской блогерши;;14:53;;https://lenta.ru/news/2025/11/16/stalo-izvestno-o-smerti-25-letney-rossiyskoy-blogershi/
lenta.ru;BIG;«Это незабываемый опыт»;Россияне решили отказаться от химикатов на огородах и в садах. Как натуральные продукты изменили их жизнь?;09:37, 14 ноября 2025;https://icdn.lenta.ru/images/2025/07/07/13/20250707131953435/owl_article_280_51350a7fa7ec3cd5fa2e92b73eaf5834.jpg;https://lenta.ru/articles/2025/11/14/permaculture/
lenta.ru;MINI;Помощник Путина рассказал о сигналах из США по Украине;;14:45;;https://lenta.ru/news/2025/11/16/pomoschnik-putina-rasskazal-o-signalah-iz-ssha-po-ukraine/
lenta.ru;MINI;В Стамбуле после загадочной смерти туристов опечатали отель;;14:40;;https://lenta.ru/news/2025/11/16/v-stambule-posle-zagadochnoy-smerti-turistov-opechatali-otel/
lenta.ru;BIG;Молодежь строит бизнес с нуля.;С чего начать путь молодым предпринимателям в России?;11:30, 14 ноября 2025;https://icdn.lenta.ru/images/2025/11/13/13/20251113130904917/owl_article_280_545a819acc197a29c8657e5827c19b00.jpg;https://lenta.ru/articles/2025/11/14/molodezh-stroit-biznes-s-nulya/
lenta.ru;MINI;Украинский журналист возмутился русскоязычностью котов;;14:39;;https://lenta.ru/news/2025/11/16/na-ukraine-zadalis-voprosom-o-russkoyazychnosti-kotov/
lenta.ru;MINI;Женщина нашла на своем чердаке любовные письма времен Первой мировой войны;;14:38;;https://lenta.ru/news/2025/11/16/zhenschina-nashla-na-svoem-cherdake-lyubovnye-pisma-vremen-pervoy-mirovoy-voyny/
lenta.ru;MINI;Россиянина атаковали мошенники 26 тысяч раз;;14:29;;https://lenta.ru/news/2025/11/16/rossiyanina-atakovali-moshenniki-26-tysyach-raz/
lenta.ru;MINI;«Купол Донбасса» отразил сотни атак ВСУ за неделю;;14:24;;https://lenta.ru/news/2025/11/16/kupol-donbassa-otrazil-sotni-atak-vsu-za-nedelyu/
lenta.ru;MINI;Беспилотники предложили направить против бакланов в российском регионе;;14:20;;https://lenta.ru/news/2025/11/16/bespilotniki-predlozhili-napravit-protiv-baklanov-v-rossiyskom-regione/
lenta.ru;BIG;Тайник с деньгами, скрытые расщелины и ни одной зацепки.;44 дня ищут пропавшую в тайге семью россиян. Что могло с ними случиться?;00:01, 13 ноября 2025;https://icdn.lenta.ru/images/2025/11/11/17/20251111173551631/owl_article_280_059bcaab3b8e0cdd950ab9b9fd99e1eb.jpg;https://lenta.ru/articles/2025/11/13/taiganavt/
lenta.ru;MINI;Алиев заявил о завершении строительства «Маршрута Трампа» на территории Азербайджана;;14:12;;https://lenta.ru/news/2025/11/16/aliev-zayavil-o-zavershenii-stroitelstva-marshruta-trampa-na-territorii-azerbaydzhana/
lenta.ru;MINI;В Кремле рассказали об отношениях Путина и Токаева;;14:08;;https://lenta.ru/news/2025/11/16/v-kremle-rasskazali-ob-otnosheniyah-putina-i-tokaeva/
lenta.ru;MINI;Названа предварительная причина смерти найденного в московском пруду ребенка;;13:59;;https://lenta.ru/news/2025/11/16/nazvana-predvaritelnaya-prichina-smerti-naydennogo-v-moskovskom-prudu-rebenka/
lenta.ru;BIG;«Вместо процветающих городов — пустота».;Жители Финляндии беднеют без россиян. Они требуют открыть границу для туристов;00:01, 13 ноября 2025;https://icdn.lenta.ru/images/2025/11/12/12/20251112125828173/owl_article_280_f1d47bfa2fa7b45abd5cf51b118f6724.jpg;https://lenta.ru/extlink/2025/11/13/pustota/?intlnk=true
lenta.ru;MINI;Оценены шансы россиянки Андреевой выиграть турнир Большого шлема в 2026 году;;13:58;;https://lenta.ru/news/2025/11/16/otseneny-shansy-rossiyanki-andreevoy-vyigrat-turnir-bolshogo-shlema-v-2026-godu/
lenta.ru;BIG;Россию охватил «бабка-террор». Люди покупают квартиры, а потом остаются без жилья и денег.;Почему так происходит?;15:11, 7 ноября 2025;https://icdn.lenta.ru/images/2025/11/10/13/20251110133643703/owl_article_280_75fa9f784a8a05438bc2faede29d5d92.jpg;https://lenta.ru/articles/2025/11/13/babka/
lenta.ru;MINI;Путин примет участие в закладке нового ледокола;;13:57;;https://lenta.ru/news/2025/11/16/putin-primet-uchastie-v-zakladke-novogo-ledokola/
lenta.ru;MINI;Причину появления скандальных публикаций о связи Трампа с Эпштейном объяснили;;13:47;;https://lenta.ru/news/2025/11/16/prichinu-poyavleniya-skandalnyh-publikatsiy-o-svyazi-trampa-s-epshteynom-ob-yasnili/
lenta.ru;MINI;Российской семье пришлось вызвать скорую после похода в театр;;13:44;;https://lenta.ru/news/2025/11/16/rossiyskoy-semie-prishlos-vyzvat-skoruyu-posle-pohoda-v-teatr/
lenta.ru;MINI;На Западе предрекли стратегическое поражение Украины;;13:37;;https://lenta.ru/news/2025/11/16/na-zapade-predrekli-strategicheskoe-porazhenie-ukrainy/
lenta.ru;MINI;Президент Финляндии призвал Европу продолжать поддерживать Украину;;13:36;;https://lenta.ru/news/2025/11/16/prezident-finlyandii-prizval-evropu-prodolzhat-podderzhivat-ukrainu/
lenta.ru;BIG;«Покажу, кто лучший в мире»;Россиянин Махачев идет за вторым поясом UFC. Сможет ли он превзойти Хабиба Нурмагомедова?;00:01, 13 ноября 2025;https://icdn.lenta.ru/images/2025/11/11/13/20251111135641608/owl_article_280_9ee0e42032d724baef8b4e162e04188e.jpg;https://lenta.ru/articles/2025/11/13/pokazhu-kto-luchshiy/
lenta.ru;MINI;В России скорректировали цены на 12 марок автомобилей;;13:35;;https://lenta.ru/news/2025/11/16/v-rossii-skorrektirovali-tseny-na-12-marok-avtomobiley/
lenta.ru;BIG;Сидни Суини обвинили в расизме из-за рекламы с ее «хорошими генами».;Реакция звезды на хейт превратилась в мем;00:01, 13 ноября 2025;https://icdn.lenta.ru/images/2025/11/11/19/20251111191838878/owl_article_280_3c1587f40859ae73e2f49c38d9c2fd37.jpg;https://lenta.ru/extlink/2025/11/13/sidni-suini-obvinili-v-rasizme-iz-za-reklamy-o-ee-horoshih-genah/?intlnk=true
lenta.ru;MINI;Врач ответила на вопрос о пользе поцелуев для здоровья;;13:35;;https://lenta.ru/news/2025/11/16/vrach-otvetil-na-vopros-o-polze-potseluev-dlya-zdorovya/
lenta.ru;MINI;Семья медведей украла улов у рыбаков и попала на видео;;13:30;;https://lenta.ru/news/2025/11/16/semya-medvedey-ukrala-ulov-u-rybakov-i-popala-na-video/
lenta.ru;MINI;Россиянин с кокаином попал в засаду полиции Таиланда;;13:23;;https://lenta.ru/news/2025/11/16/rossiyanin-s-kokainom-popalsya-v-zasadu-politsii-tailanda/
lenta.ru;MINI;Назван способный защитить легкие зимой фрукт;;13:16;;https://moslenta.ru/news/lyudi/nazvan-sposobnyi-zashitit-legkie-zimoi-frukt-16-11-2025.htm
lenta.ru;MINI;Мостовой предложил Карпину найти третью команду;;13:11;;https://lenta.ru/news/2025/11/16/mostovoy-predlozhil-karpinu-nayti-tretyu-komandu/
lenta.ru;MINI;Зеленский договорился с Грецией об импорте газа на Украину;;13:10;;https://lenta.ru/news/2025/11/16/zelenskiy-dogovorilsya-s-gretsiey-ob-importe-gaza-na-ukrainu/
lenta.ru;BIG;«Они верят в российскую угрозу»;Почему Евросоюз и Великобритания не хотят мира на Украине и чего они добиваются от России?;00:01, 12 ноября 2025;https://icdn.lenta.ru/images/2025/10/29/12/20251029122925292/owl_article_280_dd29a75f2e07925adcb9eab70336c754.jpg;https://lenta.ru/articles/2025/11/12/lane/
lenta.ru;MINI;В Израиле оценили идею создания Палестины;;13:00;;https://lenta.ru/news/2025/11/16/v-izraile-otsenili-ideyu-sozdaniya-palestina/
lenta.ru;BIG;Мошенники атакуют родственников солдат, пропавших без вести на СВО.;Какие уловки они используют?;00:01, 12 ноября 2025;https://icdn.lenta.ru/images/2025/11/11/11/20251111111551027/owl_article_280_32c1977456ba0ae88c29990be1ad80f8.jpg;https://lenta.ru/extlink/2025/11/11/moshenniki/?intlnk=true
lenta.ru;MINI;В четырех регионах России пропал интернет из-за повреждения кабеля неизвестными;;13:00;;https://lenta.ru/news/2025/11/16/v-chetyreh-regionah-rossii-propal-internet-iz-za-povrezhdeniya-kabelya-neizvestnymi/
lenta.ru;MINI;Расстегнутая ширинка увеличила стоимость Диброва;;12:49;;https://lenta.ru/news/2025/11/16/rasstegnutaya-shirinka-uvelichila-stoimost-dibrova/
news.mail.ru;ARTICLE (0);Актёр из «Самой обаятельной и привлекательной» Абесадзе умер в 85 лет;Общество ◯ Life.ru (https://life.ru) ◯ «Мы приносим глубочайшие соболезнования его супруге — ведущему картвелологу России Лие Башелеишвили, а также всем родным и близким Гурама Абесадзе», — написали к некрологе.;23:55, 16 ноября 2025;https://resizer.mail.ru/p/1f0c04b1-3e2c-5376-846c-a6385d96acb7/AQAGWIGK7eI0ak5pS_7HtZhVL0bp1OnCGnau1S7A9LYoZteS8g7Q3BO3J-SPHPjhaI1bllQZuyvU7Nq9sp7UlAeXxJ4.jpg;https://news.mail.ru/society/68733607/
news.mail.ru;ARTICLE (0);В США неизвестные открыли стрельбу по прохожим, погибли ребёнок и женщина;Общество ◯ Life.ru (https://life.ru) ◯ По словам местных жителей, вечером в районе прозвучала серия выстрелов, за которой последовали крики людей. Правоохранительные органы оперативно перекрыли доступ в один из жилых домов, расположенных поблизости. Инцидент произошёл непосредственно на участке 300-го квартала Чанселлор-авеню, где криминалисты обнаружили не менее 17 гильз.;23:51, 16 ноября 2025;https://resizer.mail.ru/p/a3c3a4cb-b6a5-5288-b11b-525d1db58492/AQAGWECO8TSfSoGKHzuDHoyfapB1Pv23UyQDP7vgN6KfZ-vTznJxMyfesFviIpNZ82SKFBWK2h9jPUio2t_6YO95tWc.jpg;https://news.mail.ru/society/68733587/
news.mail.ru;ARTICLE (0);На шоссе в Подмосковье из-за гололёда столкнулось минимум пять машин;Происшествия ◯ Life.ru (https://life.ru) ◯ Кадры с места массового ДТП в Подмосковье. Видео © Telegram / Mash. По данным Telegram-канала, в результате аварии один водитель грузовика оказался заблокирован в кабине. Ещё один автомобилист оказал помощь женщине, выбравшейся из искорёженной легковушки.;23:47, 16 ноября 2025;https://resizer.mail.ru/p/3a8b2203-0f01-5103-b824-2f68666815f8/AQAGjNLj8U1e6_YnafPRY5YAHUVc8hdRu17DYJVGMKn7jQUyb6V6RPqR27alXmMJUPOIOJ9xbCEcOJUJh5eZO5Au8qQ.jpg;https://news.mail.ru/incident/68733560/
news.mail.ru;ARTICLE (0);В Стамбуле опечатали отель после смерти трех туристов;Общество ◯ Газета.Ру (https://www.gazeta.ru/) ◯ Трое постояльцев гостиницы в Стамбуле, среди них двое детей, скончались. По предварительным данным, из-за отравления неизвестным веществом. По одной из версий, яд был в кулере с водой, по другой — был распылен на соседнем этаже в ходе дезинсекции. Однако в полиции считают, что эти смерти «подозрительные».;23:15, 16 ноября 2025;https://resizer.mail.ru/p/2768fc3e-2872-5ead-bcb6-26882370acf0/AQAGyUXhR9xS0pdUthQnOhj3VHrnDnSRdDTOFTnISEha2wkglKEuVn0gnvLe9bJ2AiejlVdNBTBfyyBaNETebDaQc98.jpg;https://news.mail.ru/society/68733393/
news.mail.ru;ARTICLE (0);В Ростовской области в ДТП погиб подросток;Происшествия ◯ ТАСС (https://www.tass.ru/) ◯ Подросток погиб, выехав на красный сигнал светофора на железнодорожный переезд в Ростовской области на трассе Волгоград — Каменск-Шахтинский — Луганск. Машина наехала на автоматический бордюр, опрокинулась и загорелась, сообщили в Госавтоинспекции региона.;23:06, 16 ноября 2025;https://resizer.mail.ru/p/63672b02-968a-532d-b3f2-9063ed695e10/AQAGFyl4y-Qg2aCKXIdilt4fl0BFJZYJdx_BOXjFlk67dNQSRHm3vnx21UYscE1jhLXRXwEurTfmz8WwXCUygxNGUmg.jpg;https://news.mail.ru/incident/68733220/
news.mail.ru;ARTICLE (0);В Индии задержали еще одного организатора взрыва в Нью-Дели;Происшествия ◯ ТАСС (https://www.tass.ru/) ◯ Национальное бюро расследований Индии (NIA) задержало еще одного из организаторов теракта у исторической крепости Красный Форт в Нью-Дели. Об этом сообщила газета Hindustan Times. Задержанный по имени Амир Рашид Али проживал в индийской союзной территории Джамму и Кашмир. Автомобиль Hyundai i20, использованный при нападении, был зарегистрирован на него. По данным NIA, Али прибыл в Нью-Дели, чтобы организовать приобретение автомобиля. Его арест считается крупным успехом для бюро расследований, поскольку подтверждает наличие скоординированного заговора при подготовке теракта, указывает газета.;23:05, 16 ноября 2025;https://resizer.mail.ru/p/3a619bc4-4761-5e0a-992a-f01619ab5c1d/AQAG1LJoa8OF9A8lUzq7AU2zSae0yF9tS_oyDH-L5nOShY-b-jkyTrPnP92jjxAyg3j6F0Cz49lMj0WFJ7hV69XS7XY.jpg;https://news.mail.ru/incident/68733274/
news.mail.ru;ARTICLE (0);Два человека погибли при пожаре в строящемся здании в подмосковном Видном;Происшествия ◯ РБК (https://www.rbc.ru/) ◯ В подмосковном Видном произошел пожар в строящемся здании, в результате которого погибли два человека. Об этом сообщает Следственный комитет Московской области. По данным МЧС, площадь возгорания составила 30 кв. м. СК возбудил уголовное дело по статье о причинении смерти по неосторожности двум лицам (ч.3 ст. 109 УК). Максимальное наказание по этой статье — лишение свободы на срок до четырех лет.;22:58, 16 ноября 2025;https://resizer.mail.ru/p/05d9d89d-88c4-5b79-bb78-0efd6141c0e8/AQAGqbUEVlNt9cGY4HbUk4UCseoZYQZvKDdyW5rYTpG3LdsU8yRx2N0ajA4ifsbDa_OY80Nx4j84rZsD9Yq_r3XEYt0.jpg;https://news.mail.ru/incident/68733010/
news.mail.ru;ARTICLE (0);Из-за технической неисправности в Екатеринбурге задержали рейс на Фукуок;Происшествия ◯ РБК (https://www.rbc.ru/) ◯ В аэропорту Кольцово в Екатеринбурге задержан вылет рейса ZF-2637 авиакомпании Azurair на вьетнамский остров Фукуок. Причиной задержки стала техническая неисправность воздушного судна. Об этом сообщает Уральская транспортная прокуратура.;22:10, 16 ноября 2025;https://resizer.mail.ru/p/f56f5b2b-6f61-52ef-88fa-dd4ac256d971/AQAGE1iK1oqW-3CaRWn9Ic6O3X925DnzsMfeJWkH75Vl6ipD4SbJxgG2CAyAg9rzTnYe6NaF0HT7gQO5iLOhSQxrCXE.jpg;https://news.mail.ru/incident/68732499/
news.mail.ru;ARTICLE (0);В пруду на востоке Москвы нашли пакет с головой ребенка;Общество ◯ Газета.Ру (https://www.gazeta.ru/) ◯ В Гольяновском пруду на востоке Москвы обнаружен рюкзак с головой ребенка. По данным источников, на шее мальчика присутствуют следы удушения. По предварительной информации, в деле уже появился подозреваемый. Подробности — в материале «Газеты.Ru».;21:02, 16 ноября 2025;https://resizer.mail.ru/p/cc6e43a0-e039-56ef-9e09-b7613258cd5b/AQAGGWiI7x-8XVdzzjpLvYBql5Ba-6SqwIp8E9WBJBayk_LHRPTp9A1FESElbBMYILMYHDk9y8PkPLSOzisW__NKu5c.jpg;https://news.mail.ru/society/68732544/
news.mail.ru;ARTICLE (0);Сенатор Гибатдинов предложил проверять дееспособность пожилых продавцов жилья;Общество ◯ Газета.Ру (https://www.gazeta.ru/) ◯ В Совфеде предложили Минюсту обязать пенсионеров подтверждать свою дееспособность при продаже недвижимости, а в Госдуме призвали создать систему безопасных сделок для подобных ситуаций. Причина — рост числа случаев, когда пожилые продавцы оспаривают сделки через суд и возвращают себе квартиры. Эксперты винят в происходящем «эффект Ларисы Долиной» — новый вид мошенничества распространился после того, как суд вернул певице проданную квартиру.;19:45, 16 ноября 2025;https://resizer.mail.ru/p/b787891d-b891-57cd-9ce6-dd303c480d86/AQAGiNew3ObufxMKvxFbGNU7BzN4bkgRCN4MbjqAlGWVJg5cFLyj1n8WIRMEYgJGDH6x3BgdDiMPmTEAhYh9Wu8vOVc.jpg;https://news.mail.ru/society/68732008/
news.mail.ru;ARTICLE (0);В ДНР введут концепцию военного туризма;Общество ◯ © РИА Новости (https://ria.ru/) ◯ В ДНР введут концепцию военного туризма, заявил РИА Новости зампред правительства ДНР Кирилл Макаров. «Республика сейчас представляет собой ассоциацию мест боевой славы, которые связаны с Донбасской освободительной операцией в 1943 году, событиями гражданской войны 2014 года и специальной военной операцией, которая началась в 2022 году. Это ключевые точки, которые могут привлекать туристов… Мы сделали такой большой межведомственный штаб по туризму в целом, в рамках которого мы начинаем работать. На территории республики реализуется национальный проект “Туризм-гостеприимство”, — сказал РИА Новости Макаров.;19:09, 16 ноября 2025;https://resizer.mail.ru/p/1769327a-6029-56e0-b219-0d72eabd4bd2/AQAGu2lg8w7Dm7i49LKsYPvW7RDP1VQG3ljk4P6WpG3MG_nN_CGoHaiXyFW2vuYk6UA7jeglIosOv4cwBbSaaseRKU4.jpg;https://news.mail.ru/society/68731797/
news.mail.ru;ARTICLE (0);В Москве рекомендовали использовать городской транспорт для поездок;Общество ◯ © РИА Новости (https://ria.ru/) ◯ В департаменте транспорта Москвы порекомендовали использовать городской транспорт для поездок по столице, 17 ноября в центре возможны локальные ограничения движения.;19:00, 16 ноября 2025;https://resizer.mail.ru/p/4d34e65b-3971-51d3-acbd-243885ade0de/AQAGRwb4lrj12UMR3wcuGT7Vby2RI-G6cugeipuCcDMwLzy5j6rhSgoTsYViIKPyCqRvSlKdTGF1nV26P1LqqRs8Uco.jpg;https://news.mail.ru/society/68731733/
news.mail.ru;ARTICLE (0);Детский омбудсмен призвала ограничить доступ к базе данных детей-сирот;Общество ◯ © РИА Новости (https://ria.ru/) ◯ Уполномоченный по правам ребенка в Москве Ольга Ярославская предложила ограничить публичный доступ к базе данных детей-сирот, считая, что она должна быть доступна только тем, кто прошёл обучение в школе приёмных родителей и действительно готов взять ребенка под свою опеку.;18:51, 16 ноября 2025;https://resizer.mail.ru/p/d8fd5a15-d899-5d31-bd2d-ed5ea84c714f/AQAGVAuVNX_Qj3nz34MX26Ue4eulc5eqhZ_Pc_9lgttnQLeaqup3Y68prCsRjy8W72jimXGXoO3e635NcjU0d7KkUzY.jpg;https://news.mail.ru/society/68731666/
news.mail.ru;ARTICLE (0);Более 600 единиц техники продолжают убирать снег на улицах Петербурга;Общество ◯ © РИА Новости (https://ria.ru/) ◯ Улицы в Санкт-Петербурге в воскресенье убирают 631 единица спецтехники и 608 сотрудников ручной уборки, сообщил вице-губернатор города Евгений Разумишкин.;18:49, 16 ноября 2025;https://resizer.mail.ru/p/f9ff1cbb-5530-5843-81bd-ea71601dfbc4/AQAGKxVj0cQRhOZjLH41L59WdWEFNRqvujV8e8420uecwa66PT60o_oTxNwSUlEPpprHNCVgoHh3UkHbXcqeAADt8mU.jpg;https://news.mail.ru/society/68731652/
news.mail.ru;ARTICLE (0);Ректор МГУ рассказал, какие военные звания могут получить студенты вуза;Общество ◯ © РИА Новости (https://ria.ru/) ◯ При Московском государственном университете существует военно-учебный центр, где можно получить звание, кроме того, на время учебы в вузе положена отсрочка от призыва на военную службу, сообщил ректор МГУ Виктор Садовничий.;18:35, 16 ноября 2025;https://resizer.mail.ru/p/f5129315-436b-5c28-9813-e497d32db6b9/AQAGQxwFbOsA0ryKav2psiRYCpX5U7H0IKF1lfD1C8llUKwP3M6ZSjfctOwMFE0gKtBFaIPFNtrxrUlVF3RE8LXQ0Vo.jpg;https://news.mail.ru/society/68731542/
news.mail.ru;ARTICLE (0);Песков рассказал о дружеских отношениях Путина и Токаева;Политика ◯ © РИА Новости (https://ria.ru/) ◯ Теплые дружеские отношения президентов России и Казахстана Владимира Путина и Касым-Жомарта Токаева позволяют лидерам открыто обсуждать важные международные и региональные вопросы, заявил пресс-секретарь президента России Дмитрий Песков.;18:07, 16 ноября 2025;https://resizer.mail.ru/p/6478ab27-b4c8-5582-aed9-43979754444c/AQAG8oQ02ZPFRwSQkQjhL1LJzFF2DIeHBYg9KzkZqNFI7IrpvjZYZRvuk8hdN0zGwG1anvzwQx7Yp_oKk9_pVeglsLA.jpg;https://news.mail.ru/politics/68731273/
news.mail.ru;ARTICLE (0);Yle: Финляндия выслала в Россию экс-бойца ЧВК «Вагнер»;Политика ◯ Газета.Ру (https://www.gazeta.ru/) ◯ Финские пограничники выслали в Россию мужчину, который просил политического убежища и заявлял о службе в ЧВК «Вагнер». Россиянина задержали в июне в городе Китеэ, он представился Евгением и заявил, что «бежал от войны». На допросе мужчина признался, что к границе его привезли друзья, а сам он рассчитывал добраться до Франции — но после задержания попросил о защите финские власти. Однако иммиграционная служба приняла решение о депортации.;18:01, 16 ноября 2025;https://resizer.mail.ru/p/8af9b3e5-cd12-54e9-a354-fd5fa074a66e/AQAGw_JJ4JL9sLmdDV9Hk_VssLwHHrjYLEVkeic3qkq_lAXG2--q1vjOgAkE1Z9U2aHynzOyBxRB_PmYjTm6b5R3jrE.jpg;https://news.mail.ru/politics/68731309/
news.mail.ru;ARTICLE (0);В Иране назвали условие для переговоров с США;Общество ◯ ТАСС (https://www.tass.ru/) ◯ Иран будет готов к переговорам с США только в том случае, если Вашингтон изменит свой подход. Об этом сообщил журналистам источник в МИД Ирана. По его словам, Иран заинтересован в компромиссном решении, которое устроит всех. Тегеран готов сделать свою ядерную программу максимально прозрачной в обмен на снятие санкций, в таком случае все будут в выигрыше.;17:46, 16 ноября 2025;https://resizer.mail.ru/p/4ddeb17f-cc6e-5c76-8146-a6c7766337b0/AQAG_HQl_zMQA7-Hn2XO9ErysrZKUGMSQopUPsxnAQCJXz0iSYdyumBBbwkbwhGXs6xV5v0S_1s3VU5DmQIK6M54mxA.jpg;https://news.mail.ru/society/68731003/
news.mail.ru;ARTICLE (0);Украина договорилась о поставках газа из Греции;Общество ◯ РБК (https://www.rbc.ru/) ◯ Украина подготовила соглашение по импорту газа из Греции, чтобы компенсировать потери украинской добычи на зимний период из-за российских ударов, сообщил президент Владимир Зеленский. «Это будет еще один маршрут поставки газа — чтобы максимально обезопасить маршруты импорта газа для Украины на зиму. У нас уже есть договоренности о финансировании импорта газа, и мы покроем потребность почти в €2 млрд», — написал он в телеграм-канале.;17:27, 16 ноября 2025;https://resizer.mail.ru/p/2fd2b95a-bd73-524c-a9c2-53a626d1d4cb/AQAGKb2ra5I8MEN24N9WHxky7eSDSfvrNuPNbJyJdK6K8G-8EXyGDGwRfEbjD4-zKhl6KisU2QxiESnhhODLHMO2V7c.jpg;https://news.mail.ru/society/68730801/
news.mail.ru;ARTICLE (0);Стубб призвал поддерживать Украину, несмотря на коррупционный скандал;Общество ◯ ТАСС (https://www.tass.ru/) ◯ Президент Финляндии Александер Стубб призвал Европу продолжать поддерживать Украину, несмотря на разгоревшийся коррупционный скандал. Об этом сообщает агентство Associated Press (AP). По его информации, Стубб отметил, что Владимир Зеленский должен как можно скорее разобраться с обвинениями в получении взяток и хищениях. Тем не менее президент Финляндии призвал европейских лидеров рассмотреть возможность увеличения финансовой и военной поддержки Киева.;17:17, 16 ноября 2025;https://resizer.mail.ru/p/cce6b120-9728-5258-8138-831b454503b9/AQAGpeCZfYVTpx7wOlMMIVI-CYyvDYY977baKdfI2ZIdp68h4x2M7tB1XIuNjlNqRJ7H7ymcPyb299ZGO3HzafIA_k8.jpg;https://news.mail.ru/society/68730812/
news.mail.ru;ARTICLE (1);В Бурятии прорвало временную дамбу;Происшествия ◯ © РИА Новости (https://ria.ru/) ◯ Временную дамбу, сооруженную во время строительства пешеходного моста, прорвало в селе Десятниково Тарбагатайского района Бурятии, угрозы населенным пунктам нет, сообщил РИА Новости представитель районной администрации..;17:16, 16 ноября 2025;https://resizer.mail.ru/p/ac4ed64b-e711-51ce-a529-2f52cbb11faa/AQAGeGdWJ1IpZpaO8NUsN5uTu7Y1Ow72uNPHIfu5ENylLcY0p7OtmcQT5__Jl9eDJzszfMvQeckSjK_uKHQC28lNvy4.jpg;https://news.mail.ru/incident/68730840/
news.mail.ru;ARTICLE (1);Скандал из-за измены разгорелся посреди улицы между новосибирцами;Общество ◯ Om1 Новосибирск (https://www.nsk.om1.ru) ◯ Конфликт у дома на улице Краузе закончился вызовом скорой помощи после удара одной из участниц. В ночь на 16 ноября у дома № 23 на улице Краузе в Новосибирске произошел публичный скандал между мужчиной и двумя девушками на почве ревности, сообщает Telegram-канал «Анонимный Новосибирск».;16:44, 16 ноября 2025;https://resizer.mail.ru/p/65975e51-b440-5d4d-92b1-492f20e10179/AQAGgb6mtf_CNQzwSBzMRC1t628mhsDdsgETPYVbG7CLODQWhozdmVEVVPrU30c5QD-xGVEaiKd6yEsORccxYnSKcbA.jpg;https://news.mail.ru/society/68730327/
news.mail.ru;ARTICLE (1);Новосибирцев предупредили о мошенничестве при покупке билетов на транспорт;Общество ◯ Комсомольская правда (https://kp.ru/) ◯ Злоумышленники создают сайты, имитирующие страницы транспортных предприятий. Жителей Новосибирской области предупредили о мошенничестве при покупке билетов на транспорт. Дело в том, что злоумышленники создают сайты, имитирующие страницы банков и транспортных предприятий, которые осуществляют пассажирские перевозки. И когда человек с помощью такого подставного сервиса покупает билет, мошенники получают данные банковской карты жертвы. Об этом сообщили в пресс-службе Управления на транспорте МВД России по Сибирскому федеральному округу.;16:43, 16 ноября 2025;https://resizer.mail.ru/p/77515e72-006a-5e42-8cdd-ba9dad1ce5fc/AQAGUgOUyHLBCMixMDpZnYEiOiovUGsGy-XWQ_eaUT8ZhVsnzHVWzEVDhdo6EhMdKSVSsxtsstlSAMjbmVVxmexNuPY.jpg;https://news.mail.ru/society/68730372/
news.mail.ru;ARTICLE (1);Младенец пострадал при столкновении двух авто в Новосибирске;Происшествия ◯ Комсомольская правда (https://kp.ru/) ◯ Авария произошла в Центральном районе города. В Новосибирске в результате столкновения двух иномарок пострадал малолетний ребенок. Авария произошла 16 ноября в Центральном районе города, напротив дома № 5 на улице Военной. Об этом сообщили в пресс-службе ГАИ Новосибирской области.;16:42, 16 ноября 2025;https://resizer.mail.ru/p/920efee8-f3d6-5f7d-ae38-ba45ad730644/AQAG_tY9D9CkxLAw5A4EkVgCCLLAOe6d5iJF6tWlG9pk5L3rLBuT_dBkMkTCayZYjwhUAjYG7jC-IShwjBC7Elg1w9s.jpg;https://news.mail.ru/incident/68730458/
news.mail.ru;ARTICLE (1);Пушков рассказал о последствиях возможной операции США против Венесуэлы;Общество ◯ © РИА Новости (https://ria.ru/) ◯ Возможная операция Вашингтона против Венесуэлы ставит американского президента Дональда Трампа в непростое положение, поскольку он обещал не ввязывать США в дорогостоящие войны за рубежом, и обернуться против главы Белого дома, считает сенатор Алексей Пушков.;16:40, 16 ноября 2025;https://resizer.mail.ru/p/67ebd10a-44c6-547e-aaf4-729f5c19bff5/AQAGfmstcT1jW-T6aLm24eBgU8CdMIrQCoyD1BME2CIi21dcFSVPiT1h3WItClFTj8wiBviHLnwcNCSNdvSd8Q_kWpA.jpg;https://news.mail.ru/society/68730401/
news.mail.ru;ARTICLE (1);Военные заняли Малую Токмачку и Ровнополье в Запорожской области;СВО ◯ РБК (https://www.rbc.ru/) ◯ Российские силы освободили населенные пункты Малая Токмачка и Ровнополье в Запорожской области, сообщило Минобороны. Ма́лая Токмачка — село в Ореховском районе Запорожской области, административный центр Малотокмачанского сельсовета.;16:23, 16 ноября 2025;https://resizer.mail.ru/p/6f499a45-80a6-55a6-b977-df21add4c8df/AQAG9sfBlWamFhyXR74zA7fxEkwNG28vgcplTliKIKaJNN4jW_SHbr8DZGheXlVgsQiQHvPpQbxsZJ5hTQPjx-NZP8g.png;https://news.mail.ru/svo/68730544/
news.mail.ru;ARTICLE (1);В МВД предупредили о мошенниках, звонящих от лица горадминистрации;Общество ◯ © РИА Новости (https://ria.ru/) ◯ Мошенники начали звонить россиянам от лица горадминистрации и похищать персональные данные пол предлогом регистрации в личном кабинете для получения «выплат ветеранам труда», сообщило УБК МВД России.;16:08, 16 ноября 2025;https://resizer.mail.ru/p/b84bd5e6-9d2c-5151-9b74-ba3e20969703/AQAGzmrwKKJvAtx9NCT3ONtAts2W8szcIHWO8qprCMuBCOxUVdSgpLRZ6VkTJhd43uSyrLUFQyJkqmroTHFYBBTuvGQ.jpg;https://news.mail.ru/society/68730451/
news.mail.ru;ARTICLE (1);Встречу Путина и Трампа отложили на какое-то время, заявил Ушаков;Общество ◯ © РИА Новости (https://ria.ru/) ◯ Встречу президентов России и США Владимира Путина и Дональда Трампа на какое-то время отложили, контакты на этот счет идут, заявил помощник президента РФ Юрий Ушаков. «Договорились о встрече в Будапеште, потом встречу на какое-то время отложили. Контакты на этот счет идут», — сказал Ушаков журналисту «России 1» Павлу Зарубину.;15:51, 16 ноября 2025;https://resizer.mail.ru/p/e8c5429a-62a9-5133-a47c-e576aef6fa9c/AQAGhe_hMDsX8fPTJE99FN2FqdGtwF4-9voi3UDvXCemS9BzwT2XLIy3y4HZNaqsVcxIyJPWJApKfg92Dotm438_KfU.jpg;https://news.mail.ru/society/68730275/
news.mail.ru;ARTICLE (1);В Видном при пожаре в кафе погибли два человека;Происшествия ◯ ТАСС (https://www.tass.ru/) ◯ В Видном Московской области два человека стали жертвами пожара, сообщает областной главк МЧС РФ. «В 21:49 поступило сообщение о пожаре по адресу: Видное, ул. Вокзальная, д. 1. На момент прибытия пожарных наблюдалось горение внутри здания на площади 30 кв. метров. В результате пожара пострадали четыре человека, из них погибли два человека», — сказал собеседник агентства.;15:49, 16 ноября 2025;https://resizer.mail.ru/p/ac4ed64b-e711-51ce-a529-2f52cbb11faa/AQAGEE56hKSA62cAkm5MyTj4UUv9Ks9vwwk8RUT1KZqG0CQ-APjm6kq_Qe-614StahvfWwt3yBDcmfRur83Xy_FP7ok.jpg;https://news.mail.ru/incident/68730053/
news.mail.ru;ARTICLE (1);Newsweek: в переписке Эпштейна нашли упоминание о компромате на Трампа;Политика ◯ Газета.Ру (https://www.gazeta.ru/) ◯ В опубликованной демократами переписке Джеффри Эпштейна упоминается «секс-компромат» на Дональда Трампа, с которым может быть ознакомлен Владимир Путин, пишет Newsweek. По данным журнала, речь идет о якобы имевшей место интимной связи американского лидера с человеком по прозвищу Бубба: в одном из сообщений брат Эпштейна уточняет, «есть ли фотографии» сексуального контакта у Путина. Сам Трамп назвал публикацию документов «мистификацией», призванной отвлечь внимание от провалов демократов.;15:42, 16 ноября 2025;https://resizer.mail.ru/p/18ba9de9-e1af-5d07-be60-4f2ec5e4176f/AQAGQo7lUcHfPOd6vRf9tfmt7_BFE_CTSrG6pcIVDbuIdU6Lc2YZ4K-6hUj_-ORzTbVGwXjCcHEnFySoz7OjXEniaEY.jpg;https://news.mail.ru/politics/68730234/
news.mail.ru;ARTICLE (1);Политик Мема призвал Зеленского снять запрет на переговоры с Россией;Политика ◯ RT на русском (https://russian.rt.com) ◯ Член финской партии «Альянс свободы» Армандо Мема призвал Владимира Зеленского снять запрет на проведение переговоров с Россией. На своей странице в соцсети X он указал, что Россия постоянно стремилась к диалогу и дипломатии с Западом, а также призывала к мирному урегулированию конфликта.;15:15, 16 ноября 2025;https://resizer.mail.ru/p/1689f12f-1375-510b-adf2-44db6cf6e62a/AQAGX6tVXiHUUNDWryHMYo0RXP0d-e6rwvpTkuDn_PbczhhT8dXuOIVrOUk2bxXM-wS6otgzBc1qj1e2ZAq9_VwwY5s.jpg;https://news.mail.ru/politics/68729818/
news.mail.ru;ARTICLE (1);В Одесской области заявили о повреждении объектов энергетики;Общество ◯ RT на русском (https://russian.rt.com) ◯ В Одесской области повреждены объекты энергетики, сообщил глава областной военной администрации Олег Кипер. «Снова повреждены объекты энергетики, в том числе солнечная электростанция», — написал он в своём Telegram-канале.;15:14, 16 ноября 2025;https://resizer.mail.ru/p/04de9792-4487-5828-9db5-4f2cee2db1a2/AQAGKt__bW8MQek3thM7pZR8dEfpDrgPZeSP0AxE-nrrei1au7ewXPnhv57xLuvpa4FaYWI9GHRUss3RzmZDccF0ZF0.jpg;https://news.mail.ru/society/68729857/
news.mail.ru;ARTICLE (1);Путин поздравил спортсменов с Днем самбо;Общество ◯ © РИА Новости (https://ria.ru/) ◯ Президент России Владимир Путин поздравил самбистов, ветеранов спорта, участников и организаторов Дня самбо с праздником, отметив, что День самбо по праву считается национальным достоянием России.;14:36, 16 ноября 2025;https://resizer.mail.ru/p/4bb76bb5-be3c-5d34-bc3e-6aeec42dad7c/AQAG8TARhH6SJbEBNsj2mGzvv5z21ZcpWJ5IkK1aTOr9v4zZG7koeviTiadaTPQqKc6M4CdrIuWHG2MCzgbed1Ra7VM.jpg;https://news.mail.ru/society/68729752/
news.mail.ru;ARTICLE (1);Глава Минобороны Израиля заявил, что палестинского государства не будет;Общество ◯ ТАСС (https://www.tass.ru/) ◯ Палестинское государство не будет создано, сектор Газа будет демилитаризован, а радикальное движение ХАМАС — разоружено. С таким заявлением выступил министр обороны Израиля Исраэль Кац. «Политика Израиля ясна: палестинское государство не будет создано», — написал он в X. «[Сектор] Газа будет демилитаризован вплоть до последнего туннеля, а движение ХАМАС будет разоружено международными силами или силами Армии обороны Израиля», — добавил он.;14:17, 16 ноября 2025;https://resizer.mail.ru/p/173f6969-068e-51cc-a801-01c78ec4e2c7/AQAG0WEUNPIEjItPgrZfnemH9OJBX4RE7dXb6acvT1THJaLLyBeoYDEFPCwMA1tohyz9nGfO6bejdbwe1-CzJPgz6W4.jpg;https://news.mail.ru/society/68729524/
news.mail.ru;ARTICLE (1);В Москве иностранца осудили за попытку контрабанды краснокнижных соколов;Происшествия ◯ © РИА Новости (https://ria.ru/) ◯ Суд в Москве приговорил гражданина ОАЭ к 6 годам лишения свободы за попытку контрабанды из России краснокнижных соколов-кречетов, следует из материалов дела, которые имеются в распоряжении РИА Новости. В ФСБ РФ ранее сообщили, что в декабре 2022 года следователи возбудили уголовное дело в отношении иностранца и трех россиян, причастных к попытке контрабандой переправить краснокнижных соколов-кречетов на Ближний Восток. По решению суда иностранца поместили под стражу. Незаконно пойманных кречетов изъяли и после осмотра выпустили в естественную среду обитания. О дальнейшей судьбе россиян, участвовавших в браконьерской схеме, не сообщалось.;14:15, 16 ноября 2025;https://resizer.mail.ru/p/f06c9f75-9b23-595b-a498-fd40ec64ba71/AQAGW1OJpr8UA8ApSr1MJSy0awGtooAAS5sNGF2QEqe3g3UvLTcpg6IIWt9SEb2_zYhplm2URfQQy7mkE1zAArZ85mQ.jpg;https://news.mail.ru/incident/68729275/
news.mail.ru;ARTICLE (1);В ДТП в Белгородской области погибли два человека;Происшествия ◯ © РИА Новости (https://ria.ru/) ◯ Два человека погибли и шесть пострадали утром в воскресенье в результате столкновения микроавтобуса, перевозившего рабочих, и грузовика в Красногвардейском районе Белгородской области, сообщили в пресс-службе УМВД по региону.;14:15, 16 ноября 2025;https://resizer.mail.ru/p/b650c329-b0bc-5c96-af61-5a04449cb825/AQAGAoyuIurwqi-qY3f1cp_zsj5cPz8TCHAGk2VM9TM01FARYdX5bG-pRQAuWQRoncbTh70paP0MNmd55bgCUS8z28Q.jpg;https://news.mail.ru/incident/68729302/
news.mail.ru;ARTICLE (1);Путин поздравил россиян с Днём самбо;Общество ◯ Комсомольская правда (https://www.kp.ru) ◯ Президент РФ Владимир Путин поздравил спортсменов и ветеранов спорта с Днем самбо. Телеграмма главы государства опубликована на официальном сайте Кремля.;14:08, 16 ноября 2025;https://resizer.mail.ru/p/ede81031-fcda-5a0e-a58f-361746042673/AQAG6It2Wth10mY0LR8zQiMPdkM-hnt8L4zJoI2p-Dz77e_O8ok8lLduJlaLNX6JcUbLshY9ryEJ8Gg8vIzhOb122DI.jpg;https://news.mail.ru/society/68729577/
news.mail.ru;ARTICLE (1);В Москве скоро наступит оттепель, рассказал синоптик;Общество ◯ © РИА Новости (https://ria.ru/) ◯ Оттепель наступит в столичном регионе в конце следующей недели, воздух прогреется до плюс 3 градусов, сообщил РИА Новости ведущий специалист центра погоды «Фобос» Евгений Тишковец.;14:03, 16 ноября 2025;https://resizer.mail.ru/p/6b042391-35b0-542a-8fb4-36d88c625523/AQAGRjdMJNxbf8bq3ZHX540c-lFrhRYU7wPAtWEFKQP1vY2hrbtzrjhljvu3iEqmbjRDyob8vHsMygCF7HXvSuUnLh0.jpg;https://news.mail.ru/society/68729539/
news.mail.ru;ARTICLE (1);Закупки российскими компаниями пива из Европы рухнули в 4 раза;Общество ◯ Life.ru (https://life.ru) ◯ Российский рынок пива продемонстрировал рекордное снижение импорта из стран Европейского союза. Согласно данным Евростата, которые изучило РИА «Новости», в сентябре 2025 года закупки пенного напитка у европейских производителей сократились до минимального уровня с начала 2015 года.;14:03, 16 ноября 2025;https://resizer.mail.ru/p/1e6491c8-8cfb-52f7-92e6-fe384b05d922/AQAGotjFZjJwZAwuxAJKSeMPuO5ohIBuWAzQg8tD88N6JDzVMQCPGghiZfeyju9tzT5q3Gtqq0YW8LyO53SyhCFb388.png;https://news.mail.ru/society/68729538/
news.mail.ru;ARTICLE (1);Сенатор Пушков заявил об обрушении уровня рождаемости в Европе;Политика ◯ Комсомольская правда (https://www.kp.ru) ◯ В странах Европейского союза стремительно падает уровень рождаемости. Об этом заявил член Совета Федерации Алексей Пушков. Соответствующий пост он разместил в личном Telegram-канале.;14:03, 16 ноября 2025;https://resizer.mail.ru/p/b0fe3614-db56-5273-b36f-bf46340bda1a/AQAGErk3IfmrABYSZAwwc4J6ohvpzxK3AW5MmITRdNWE5Y-RNospltiAkrVjrlgaUQCqAu3zr1CIV20QGitXKrn02_o.jpg;https://news.mail.ru/politics/68729531/
news.mail.ru;ARTICLE (2);В Магадане 13-летняя девочка отбилась от напавшего на неё мужчины;Происшествия ◯ Аргументы и факты (https://aif.ru/) ◯ Девочка закричала и нападавший скрылся. Мужчина попытался напасть на 13-летнюю школьницу в подъезде дома на улице Набережной реки Магаданки 12 ноября в Магадане. Девочка закричала и спугнула его. Об этом сообщили в пресс-службе УМВД России по региону.;14:03, 16 ноября 2025;https://resizer.mail.ru/p/4233d1ad-813c-5ba6-8969-c1ed2d34923f/AQAGHtJBRNIwciiYHAafxZ2Grt_47PFWLtnEpftf17i0EtVXmz0-HtQNYHJjFUBMfJU8wQ3EQ9zKceOmJ_pBD78f7fU.png;https://news.mail.ru/incident/68729514/
news.mail.ru;ARTICLE (2);Синоптик рассказал о погоде в Москве на следующих выходных;Общество ◯ © РИА Новости (https://ria.ru/) ◯ Ненастная и дождливая погода ожидается в Москве на следующих выходных, возможны осадки в виде снега и мокрого снега, ударят слабые заморозки, сообщил РИА Новости ведущий специалист центра погоды «Фобос» Евгений Тишковец.;14:00, 16 ноября 2025;https://resizer.mail.ru/p/5fc92216-06f4-5382-8e14-e4d455b19d2f/AQAGoDx6GxPvqXoSu2mIEYzjrTyCl4J-3vcY_-Z9kAynr2ZYMm0W0-YpM9y3pQD8FR5RcUb68RfyOYRN568_Wb_w_ns.jpg;https://news.mail.ru/society/68729502/
news.mail.ru;ARTICLE (2);Компания LG зарегистрировала в РФ шесть товарных знаков;Экономика ◯ Аргументы и факты (https://aif.ru/) ◯ Обращения по поводу регистрации шести знаков поступили в Роспатент от компании «ЭлДжи электроникс инк». Южнокорейская компания LG, производящая электронику и бытовую технику, зарегистрировала в РФ шесть знаков, которые касаются электронных и цифровых товаров, следует из электронной базы Федеральной службы по интеллектуальной собственности России (Роспатент).;13:55, 16 ноября 2025;https://resizer.mail.ru/p/50a47ff7-a8cf-54e0-a59c-01c302ac92e1/AQAGmpJxH3Sr6QRkLGI_N_l1hBhtA_EQpk9a28_mgc66hWoEQkyCosIMmqzfh1aRM-ZKE2GEdg3m9T1Xf5cT_KeL9j0.png;https://news.mail.ru/economics/68729473/
news.mail.ru;ARTICLE (2);Франция отказалась принимать Зеленского: коррупционный скандал на Украине вызвал гнев у французов;Политика ◯ Комсомольская правда (https://www.kp.ru) ◯ Президент Франции Эмманюэль Макрон должен учитывать, что визит киевского главаря Владимира Зеленского в Париж может использоваться для отвлечения внимания от коррупционного скандала на Украине. Об этом заявил лидер французской партии «Патриоты» Флориан Филиппо.;13:51, 16 ноября 2025;https://resizer.mail.ru/p/d70dd62a-1f27-56f7-a22c-cb37e92cbc06/AQAG9aU6JgsBcXaOwcOpCnxvPfbG3Dy_4wG9x20INsi9pcE0sqhk4BwXPz7wth6gNreflMOEdXJ1EfoxsYWtg3K8Ldg.jpg;https://news.mail.ru/politics/68729447/
news.mail.ru;ARTICLE (2);На Украине началась истерика из-за тактики ВС России: «Они постоянно меняют»;Политика ◯ Комсомольская правда (https://www.kp.ru) ◯ На Украине внезапно пожаловались на оригинальность российской армии. Эксперт по энергетике Геннадий Рябцев заявил, что ВС РФ постоянно «меняют тактику» при ударах по энергосистеме Незалежной. Слова аналитика прозвучали в беседе с BBC.;13:49, 16 ноября 2025;https://resizer.mail.ru/p/4ad7cb34-71a7-5409-a07e-a7b10674dab2/AQAGz5IHz0ccgTRQx3-VTSO9A5haObezfPEOUyof7x6LoByw6cYgJMFmsaRsKDAk_KkB_itqXjn8lGJj3LPVxTqxvB0.jpg;https://news.mail.ru/politics/68729435/
news.mail.ru;ARTICLE (2);Синоптик рассказал, когда в Центральную Россию придет настоящая зима;Общество ◯ © РИА Новости (https://ria.ru/) ◯ Метеорологическая зима придет в Центральную Россию только с наступлением календарной зимы, до конца осени устойчивого перехода температуры через 0 в сторону отрицательных значений не ожидается, сообщил РИА Новости ведущий специалист центра погоды «Фобос» Евгений Тишковец.;13:45, 16 ноября 2025;https://resizer.mail.ru/p/19a9ea6c-41ab-5086-ba35-618165ee0e4e/AQAGZFOiUrUSQZKzOaSVw4D-ZBmedpOwQ0NBom-QgKSFzdqhciurUiYUBqAsKzMPxQhzOkBnfRLHat_Y6l6V6MKKn_Y.jpg;https://news.mail.ru/society/68729413/
news.mail.ru;ARTICLE (2);Врач рассказала, как распознать анорексию;Общество ◯ © РИА Новости (https://ria.ru/) ◯ Анорексия может появиться, даже когда вес в норме, чтобы распознать заболевание, нужно обращать внимание на изменения в поведении, а не только на вес, должно насторожить резкое изменение пищевых привычек, рассказала РИА Новости заведующая кафедрой психиатрии и наркологии Сеченовского университета, заслуженный врач РФ Марина Кинкулькина.;13:41, 16 ноября 2025;https://resizer.mail.ru/p/0bf1f06e-feb6-512b-9006-56213a7b9e59/AQAGxW59wcJ1-1efdkv2JFK9uHq_Ufcu3Wh57L_aizbOOx1TjLwhWmMDFsVriSmLSTyZ4BTe7RprQW7x-E3VHK-EAGs.jpg;https://news.mail.ru/society/68729390/
news.mail.ru;ARTICLE (2);Что будет с человечеством при взрыве сверхновой: астроном озвучил неожиданный прогноз;Общество ◯ Комсомольская правда (https://www.kp.ru) ◯ Человечество сумеет выжить при взрыве сверхновой. Такое мнение выразил известный российский астроном Владимир Сурдин. Его слова передает «Газета.Ru».;13:38, 16 ноября 2025;https://resizer.mail.ru/p/3a107706-2202-51fe-9075-1f90a449562a/AQAGbsQ_XAVhhSB6TMmVHYXpvfif282a4HBRx5OVdAE1cIfGUfuyaB7I_IxFtytCwmyDrr_K8IuzyUVgvh8RbvOch_M.jpg;https://news.mail.ru/society/68729368/
news.mail.ru;ARTICLE (2);Два человека погибли в ДТП с автобусом и грузовиком в Белгородской области;Происшествия ◯ Комсомольская правда (https://www.kp.ru) ◯ В аварии с автобусом и грузовиком в Белгородской области пострадали шесть человек. В Белгородской области произошло серьёзное ДТП с участием автобуса и грузового автомобиля. Как сообщили в региональной Госавтоинспекции, в результате столкновения два человека погибли на месте, еще шестеро получили различные травмы и были доставлены в больницы для оказания медицинской помощи.;13:37, 16 ноября 2025;https://resizer.mail.ru/p/7646c97f-d39c-506a-b40e-3bf318454094/AQAG0dTi07u4-FW9RfT_YBP10_9AE4aM5tLLycjQ7n_3ymiFm0Fnfw_a9evu5yCuLKHEHZ2zv2Yj6WlNMPMf5ViboBY.jpg;https://news.mail.ru/incident/68729365/
news.mail.ru;ARTICLE (2);В Гарварде предположили, что межзвёздная комета может быть кораблём пришельцев;Общество ◯ Life.ru (https://life.ru) ◯ Астрономы зафиксировали странные направленные лучи, исходящие от межзвёздного объекта 3I/ATLAS. Как сообщил профессор Гарвардского университета Ави Леб, природа этих лучей пока остаётся необъяснимой с точки зрения обычных астрономических процессов.;13:35, 16 ноября 2025;https://resizer.mail.ru/p/a5a8fb24-c1c7-5bbd-bb18-3bd07601a0a0/AQAGmk2iq34MLtGwB3czD8BTHURBdKX0t1tFxfTm91W0uSSFzoWmUWRsDpSyisZg3VOQg7Is8IypEj6UIIoxUXoVzpw.jpg;https://news.mail.ru/society/68729350/
news.mail.ru;ARTICLE (2);Налоговая заблокировала счёта компании Харатьяна и Сукачёва;Общество ◯ Life.ru (https://life.ru) ◯ У кинокомпании «Диафильм», совладельцами которой являются известные российские артисты Дмитрий Харатьян и Гарик Сукачёв, вновь возникли серьёзные проблемы с налоговой службой. Согласно данным сервиса «БИР-Аналитик», с которым ознакомилось РИА «Новости», ФНС повторно заблокировала счёта предприятия.;13:35, 16 ноября 2025;https://resizer.mail.ru/p/14eeafd6-f157-5c41-b55b-e39ebc380d69/AQAGPYiiMhMToLzi9yKVUPJW3UYSY_97sCMIJMQ0rmOzPGB_j1MABI4d8yM9spDjDMeQETdGY8QIXPO0RV-R_gcuYLM.png;https://news.mail.ru/society/68729349/
news.mail.ru;ARTICLE (2);Прокурор назвал причину нарушения Дудём* закона об иноагентах;Общество ◯ Life.ru (https://life.ru) ◯ На заседании суда по делу блогера Юрия Дудя* прокурор заявил, что журналист умышленно не указывал в публикациях пометку о статусе иностранного агента из-за несогласия с политикой России и неприязни к Вооружённым силам страны. Об этом сообщает РИА «Новости».;13:35, 16 ноября 2025;https://resizer.mail.ru/p/cd7e1d12-4eea-5b9a-bbda-a80ceec93e37/AQAGOJVukyFO1L2tLBLCmWrCWRfbGKAb9-AGQTBU1MGJxxYUnBFuNbMoIEv2ksMaRSYIeHbCGFTRVca1DN1VjLaELII.jpg;https://news.mail.ru/society/68729348/
news.mail.ru;ARTICLE (2);ВС России нанесли удары по военным объектам ВСУ в Черниговской области;СВО ◯ © РИА Новости (https://ria.ru/) ◯ Удары нанесены по военным объектам ВСУ в городе Нежине Черниговской области, сообщил РИА Новости координатор николаевского пророссийского сопротивления Сергей Лебедев. «Черниговская область — Нежин… четыре волны взрывов… цели ударов: объекты военного назначения… взрывы были в направлении авиабазы и военной части тоже», — сказал РИА Новости Лебедев.;13:33, 16 ноября 2025;https://resizer.mail.ru/p/f0515cfa-4182-5e88-9495-93cd68a0e9b7/AQAGWEGwhpzMMLECvdyvGfqh6nVJvbcJBqq2_ht_8ScC4fLSiNVtwTkrw3s5O0NU0ft4GYCAwn-fRui7xKrpt7XhNb4.jpg;https://news.mail.ru/svo/68729013/
news.mail.ru;ARTICLE (2);Автобус столкнулся с грузовиком на трассе «Белгород — М4 “Дон”, есть жертвы;Происшествия ◯ Life.ru (https://life.ru) ◯ Автобус столкнулся с грузовиком на трассе «Белгород — М4 “Дон”, есть жертвы. Видео © Госавтоинспекция Белгородской области.;13:33, 16 ноября 2025;https://resizer.mail.ru/p/f24062c6-7933-5e86-ae19-0dcd0eabb952/AQAG6Brl1hp_MVouPf8Pdb1ZEkGJwny2z6hO3Z8lHFvbRdYStPgJJd77zdE66TQ99YOQ_IR8L5dtmd0CFNgOfxzMScU.png;https://news.mail.ru/incident/68729333/
news.mail.ru;ARTICLE (2);Telegraph: в Британии готовится заговор против премьера Стармера;Политика ◯ RT на русском (https://russian.rt.com) ◯ Бывший заместитель премьер-министра Великобритании Кира Стармера готовит против него заговор, пишет The Telegraph со ссылкой на источники. «Рэйнер готовит почву, чтобы составить конкуренцию Стармеру в борьбе за лидерство», — говорится в материале.;13:32, 16 ноября 2025;https://resizer.mail.ru/p/a2574bc2-c6db-5d00-a271-b1ba0355299a/AQAGbXQyrhmzZuvHIYUpt6ZEXg7EUE3GomBe5Y9ddMPUnkIiy_l5mb0qc1CLhVeR2Agb_EgnjgmM0O4aW-VcEpE2x_Q.jpg;https://news.mail.ru/politics/68729107/
news.mail.ru;ARTICLE (2);В Константиновке ВС РФ уничтожили семь пунктов управления БПЛА ВСУ;СВО ◯ ТАСС (https://www.tass.ru/) ◯ Подразделения Южной группировки войск уничтожили 7 вражеских пунктов управления беспилотниками и не менее 12 солдат ВСУ на константиновском направлении. Об этом ТАСС сообщили в Минобороны России. «В ходе воздушной разведки и патрулирования зон ответственности в районе н. п. Константиновка операторами БПЛА Южной группировки войск было обнаружено 7 пунктов управления БПЛА с военнослужащими ВСУ. Незамедлительно было принято решение на их уничтожение. В результате нанесения по ним ударов артиллерии и FPV-дронов пункты управления БПЛА и не менее 12 солдат ВСУ были уничтожены», — говорится в сообщении.;13:31, 16 ноября 2025;https://resizer.mail.ru/p/f3e340ca-910a-5393-b5f1-4fbd7b7adf13/AQAGYmxuKLQD5ToT1OerCC3-jpAevmThKUeiKnXUH6swdTe-6ogluqdalritnTPb6zCkJw0X-Ai83txmeZF3WnyRbyg.jpg;https://news.mail.ru/svo/68729147/
news.mail.ru;ARTICLE (2);В Петербурге в результате прорыва трубы с горячей водой пострадал пожарный;Происшествия ◯ Аргументы и факты (https://aif.ru/) ◯ В Красносельском районе Санкт-Петербурга произошел прорыв трубы с горячей водой, передает Telegram-канал «78». На месте работали специалисты АО «Теплосеть Санкт-Петербурга» и сотрудники МЧС, обеспечившие организацию оцепления.;13:29, 16 ноября 2025;https://resizer.mail.ru/p/e8c92951-76d2-5ba3-b9cd-26deacc49e86/AQAGMYLR3TjmgD44ciHnAgHhtacde6RF940X5DCsrlY6wlW5PxH8cabeShvtzOhbhpH9-kdu5Fvg1KBgEBnFE8cl0rw.png;https://news.mail.ru/incident/68729303/
news.mail.ru;ARTICLE (2);Овечкин приблизился к рекорду Гретцки, сократив отставание до 37 голов;Общество ◯ Аргументы и факты (https://aif.ru/) ◯ Российский хоккеист Александр Овечкин забил гол и отдал результативную передачу 16 ноября в матче регулярного чемпионата НХЛ между «Вашингтон Кэпиталз» и «Нью-Джерси Девилз» (3:2).;13:27, 16 ноября 2025;https://resizer.mail.ru/p/6c85593b-2336-5f50-bf19-1fb624965a45/AQAGPxDxkGV03i4v0uFqbcoEdt3JEqodv58VbWYAYKBxpPkzR-v1PKlpj6PqMtHFZeBHzb2fiTHBDU-K3k4xFDeSUxM.png;https://news.mail.ru/society/68729291/
news.mail.ru;ARTICLE (2);МВД разъяснило правила замены просроченных водительских прав;Общество ◯ Life.ru (https://life.ru) ◯ Если гражданин не управлял автомобилем после окончания срока действия прав, то основания для привлечения его к ответственности отсутствуют. Об этом рассказали в МВД России, разъяснив ситуацию с водительскими удостоверениями с истёкшим сроком действия.;13:25, 16 ноября 2025;https://resizer.mail.ru/p/295c9b14-4fec-55fb-acd6-af63b27e16fb/AQAGUiLjraM71PtZvACpAH_IjWksgnCiSJQVGCbS73ywCZCutBiXTAUYoOlec17Nfy2pd9BmppK-0B5m8nXiphn40II.png;https://news.mail.ru/society/68729290/
news.mail.ru;ARTICLE (2);В Грайворонском округе Белгородчины будут сообщать об атаках БПЛА по радио;Общество ◯ Life.ru (https://life.ru) ◯ В целях повышения оперативности информирования граждан о воздушных угрозах в Грайворонском округе Белгородской области введена система радиооповещения. По заявлению губернатора Вячеслава Гладкова, жители округа будут получать уведомления об атаках БПЛА через вещание двух радиоканалов.;13:20, 16 ноября 2025;https://resizer.mail.ru/p/63dc791c-ef54-5c33-8b1b-ab4ce54526ac/AQAGoC6dq1sg53CHCR37Tv5X5QPJlMglo_IW3dpg3QWGYldJXNUzajWHBVww0coQL9Oa-f_cUkggayYa7TWBx5BSi_k.jpg;https://news.mail.ru/society/68729252/
news.mail.ru;ARTICLE (3);В Иркутской области женщина напала на продавца после словесного конфликта;Происшествия ◯ Аргументы и факты (https://aif.ru/) ◯ Покупатель накинулась на сотрудника магазина и повалила на пол, после чего скрылась. В поселке Маркова Иркутской области в магазине микрорайона Березовый произошел конфликт между продавцом и неизвестной женщиной. По данным ГУМВД, в результате нападения продавец получила травмы и была госпитализирована, а нападавшая объявлена в розыск.;13:20, 16 ноября 2025;https://resizer.mail.ru/p/4af29e3a-9f40-5b6c-8a93-eb351f493d3c/AQAG2Afl9Q3cmm_3OUDp6FA2E-mbKKMzLgW-1jg48cUtLuFevnu3-q0ip-zty2uaJWkP3o_Q5kwy5V5SYiNakA3gQqQ.png;https://news.mail.ru/incident/68729248/
news.mail.ru;ARTICLE (3);Овчинский: семь домов расселили в районе Соколиная Гора в рамках реновации;Общество ◯ Аргументы и факты (https://aif.ru/) ◯ Семь старых жилых дома полностью расселили в районе Соколиная Гора в Восточном округе Москвы в рамках реализации программы реновации, рассказал министр правительства Москвы, руководитель Департамента градостроительной политики, входящего в Комплекс градостроительной политики и строительства города Москвы, Владислав Овчинский.;13:15, 16 ноября 2025;https://resizer.mail.ru/p/75a7888a-35d0-5f9d-98e2-b3b24fff4c72/AQAGlzIVK4cooyY9pRuauUvy9_WJ-gJRjd3QQS5q08YUoX4IXo5dxUBltjLt8-u9LPhKxZMwgYsSUlosmqb6XjHiv5Q.png;https://news.mail.ru/society/68729206/
news.mail.ru;ARTICLE (3);В нескольких регионах РФ зафиксированы сбои в работе интернета от «Ростелекома»;Общество ◯ Комсомольская правда (https://www.kp.ru) ◯ В ряде российских регионов пользователи столкнулись с перебоями в работе проводного интернета от оператора «Ростелеком». На это указывают данные платформ Downdetector и «Сбой.рф», отслеживающих сбои в сети.;13:12, 16 ноября 2025;https://resizer.mail.ru/p/0bfad4c9-e1d5-5bca-a61c-180e81be0130/AQAGHRL4YnvLmg_IZ5YqMB9_RH8PaoiYpFk6yEjTtCq8HxqtN4rTZJrTX_lPlPTyRLLQ74EFBhzUsRM5IyR_RYs9FcA.jpg;https://news.mail.ru/society/68729187/
news.mail.ru;ARTICLE (3);За срубленную в лесу елку может грозить штраф в три миллиона рублей;Общество ◯ Комсомольская правда (https://www.kp.ru) ◯ Общественный деятель, специалист по вопросам ЖКХ Дмитрий Бондарь в интервью ответил, какие последствия ждут тех, кто занимается самовольной вырубкой елок в преддверии Нового года.;13:11, 16 ноября 2025;https://resizer.mail.ru/p/58b040b3-08e7-58a3-a6d4-1329715239c9/AQAGVV-5U4uUF0YHShruti5PcelJ0dKzFXpP2JhXyLLg4lggMOVZmUYRuvJmdwR5nr568OYHGftaPhNUktjslGCE6Ws.jpg;https://news.mail.ru/society/68729181/
news.mail.ru;ARTICLE (3);Никита Пресняков опроверг слухи о возвращении в Россию — у него другие планы;Общество ◯ Комсомольская правда (https://www.kp.ru) ◯ После развода Никиты Преснякова с Аленой Красновой все чаще обсуждается возможность его возвращения в Россию. Сейчас артист живет в Америке, но недавно его отец Владимир Пресняков не исключил такую возможность. Правда, добавил: когда будут улажены все рабочие вопросы.;13:08, 16 ноября 2025;https://resizer.mail.ru/p/d87e733a-2905-53aa-8752-48f4f3ba00e2/AQAG35ZoL5WvPFNM7wNM4IjVhenGl-2k1Oi_fWFeurub9PbHe0HjniNwsiPKCS4mJVCjofRI36ihvTGNRrwFV6pUdGE.jpg;https://news.mail.ru/society/68729158/
news.mail.ru;ARTICLE (3);Нарколог Исаев: алкоголь даже в небольших количествах провоцирует рак;Общество ◯ Комсомольская правда (https://www.kp.ru) ◯ Врач-психиатр ответил, есть ли связь между употреблением алкоголя и онкологией. Нарколог, президент Независимой наркологической гильдии Руслан Исаев подтвердил, что спиртное приводит к развитию злокачественных новообразований и это доказанный факт.;13:08, 16 ноября 2025;https://resizer.mail.ru/p/29de032d-ed9a-5dc0-89e8-dccf68711463/AQAG6enZ6cp2Pz_7w2T389z5Zy5frbMnrpCqNZmuS_Bo3D6sBD0uXmQfyOZKXWrTu7hpproa4ciHVcTBFpbZrL3R1-k.jpg;https://news.mail.ru/society/68729157/
news.mail.ru;ARTICLE (3);Южнокорейская компания LG зарегистрировала шесть товарных знаков в России;Общество ◯ Комсомольская правда (https://www.kp.ru) ◯ Южнокорейская компания LG зарегистрировала сразу шесть товарных знаков в России. Все они связаны с электроникой и цифровыми товарами. Об этом свидетельствуют данные, представленные на официальном сайте Роспатента.;13:06, 16 ноября 2025;https://resizer.mail.ru/p/40f2f4c7-8465-5210-ad8e-06349dda281e/AQAGOBlgH0bdvNdeSJ3GNMb5M-uIyNpCydf5bzfNHYsScuEgWtrVslpVLTo1tPp_jG6rEwHd6o0wlI_e_1AOgVQQv9M.jpg;https://news.mail.ru/society/68729140/
news.mail.ru;ARTICLE (3);Суд в Уфе обязал клинику провести женщине ЭКО после смерти супруга;Общество ◯ Аргументы и факты (https://aif.ru/) ◯ Суд в Уфе обязал частную клинику провести женщине процедуру экстракорпорального оплодотворения после смерти ее супруга, следует из судебных материалов, оказавшихся в распоряжении РИА Новости.;13:05, 16 ноября 2025;https://resizer.mail.ru/p/d6bc812d-4bb0-5e21-b688-4160521b99e8/AQAGsVpg1gGIkIs7OxD3NOoVLXfoYavUyl64sxrOt8lmBvoUCvV42yopbdAgcq3I7L8SsDDDgg7ebphI6PWMCdOaSmw.png;https://news.mail.ru/society/68729126/
news.mail.ru;ARTICLE (3);Кто царь, а кто — лузер: Рунический гороскоп на неделю с 17 по 23 ноября для всех знаков зодиака;Общество ◯ Life.ru (https://life.ru) ◯ Начинается новая неделя. Какие подсказки от Вселенной можно узнать из расклада для своего знака зодиака? Рунолог Игорь Вечерский эксклюзивно для Life.ru приоткроет завесу тайны и даст нужное направление. Действовать или нет — решать вам.;13:02, 16 ноября 2025;https://resizer.mail.ru/p/e844a8d5-0c43-5eec-bcec-d91bb65f09cf/AQAGEXtMmTvxeZUGefR6tVvWVxcihUEbTdww56FWV_NFnFHh3IHV6JsdEQKAg0lP9S_C_XQDoercYFL1vRLtqv-JdRE.png;https://news.mail.ru/society/68729111/
news.mail.ru;ARTICLE (3);ВСУ отступают на Харьковском направлении, переодеваясь в гражданских;Политика ◯ Life.ru (https://life.ru) ◯ Подразделения 57-й отдельной мотопехотной бригады ВСУ начали отступление с занимаемых позиций на Харьковском направлении. Об этом сообщают в российских силовых структурах, уточнив, что украинские военные массово переодеваются в гражданскую одежду, пытаясь скрыться под видом мирных жителей.;13:00, 16 ноября 2025;https://resizer.mail.ru/p/d346e755-aca7-5a22-8f99-c96fb1f8e4b5/AQAGmjndbw4aK6rPkYwhF9m5MGBA2WtloLnFhpYHcMZlWEZcamjZ1U_9HVDiJzC_pBrhyvZxRl8gQA7TPAQ4ZzkCEGE.png;https://news.mail.ru/politics/68729080/
news.mail.ru;ARTICLE (3);Актриса Екатерина Волкова пожаловалась на проблемы с новой квартирой;Общество ◯ Комсомольская правда (https://www.kp.ru) ◯ Актриса Екатерина Волкова призналась, что столкнулась с квартирным вопросом. Актриса вместе с мужем стала обладательницей жилья в новостройке, супруги купили жилье в отделке white box, и это стало роковой ошибкой. Супруги пожалели о своем выборе, ведь когда коснулись ремонта и минимальных переделок, оказалось, что после ремонта от застройщика одни проблемы.;12:58, 16 ноября 2025;https://resizer.mail.ru/p/3bdeadd0-a6d8-5d4e-9b48-a0d597f1441d/AQAGM7f26Tv45XapNTt8K6fj6op8pCPzZywIDRNEcuhABpNYuMrAqNIQnKcLpj0K8epX56A9yuBU1STZHHdHPuEvaSs.jpg;https://news.mail.ru/society/68729069/
news.mail.ru;ARTICLE (3);В Аргентине сняли на видео, как россиянка задержала грабителя на мотоцикле;Происшествия ◯ Аргументы и факты (https://aif.ru/) ◯ Девушка схватила грабителя за ногу и начала его бить. В сети появилось видео, как в Буэнос-Айресе туристка из России в одиночку задержала грабителя на мотоцикле, который попытался вырвать у неё телефон. Отмечается, что 33-летняя туристка ехала на велосипеде по району Палермо и остановилась перед пешеходным переходом. К ней подъехали двое мужчин на мотоцикле и один из них попытался украсть телефон, но девушка не растерялась и схватила его за ногу. В результате грабитель упал с мотоцикла.;12:55, 16 ноября 2025;https://resizer.mail.ru/p/ff662514-a840-567f-ac7d-58fc560bcfd8/AQAGauJD4yiMemilZMc9-tT6nCIR_tMIIuvjpkHfXsTjP4TFCPFFRRtLgq5EXxI6A-60jWe7zNcBzYAHV0WipqsqP9I.png;https://news.mail.ru/incident/68729058/
news.mail.ru;ARTICLE (3);Москвичам рассказали о погоде в воскресенье;Общество ◯ © РИА Новости (https://ria.ru/) ◯ Переменная облачность, без осадков, температура воздуха не выше нуля градусов ожидаются в Москве в воскресенье, сообщил РИА Новости ведущий специалист центра погоды «Фобос» Евгений Тишковец.;12:52, 16 ноября 2025;https://resizer.mail.ru/p/6b042391-35b0-542a-8fb4-36d88c625523/AQAGuAG3dOBuz4XXxcZDzP7paN22ZxOhEggm_B9oSYygTPlbvBio4QRtrsGtPlD1mOkmVN07WEpMyI4DxQV2TpB0ynM.jpg;https://news.mail.ru/society/68729046/
news.mail.ru;ARTICLE (3);В Британии в пойму реки Чаруэлл попали сотни тонн мусора;Общество ◯ Аргументы и факты (https://aif.ru/) ◯ В графстве Оксфордшир на юге Англии возникла масштабная проблема с вывозом мусора. По данным The Guardian, сотни тонн отходов были незаконно вывезены в район между рекой Черуэлл и трассой, где они образовали гигантские 10-метровые штабеля.;12:52, 16 ноября 2025;https://resizer.mail.ru/p/418be2c5-75d4-5b61-a2d3-324f54c8ef19/AQAGB8MjTn0ar7TedBGxuurkyeckhSREg5yvXB-lFMsPTEjKyXeaWyACyXRjOGnUO89fQMm_9UvrYNdeZKI6OkMmAVE.png;https://news.mail.ru/society/68729042/
news.mail.ru;ARTICLE (3);Москвичей предупредили о ледяном дожде в понедельник;Общество ◯ © РИА Новости (https://ria.ru/) ◯ В Москве в понедельник ожидаются ледяные дожди и мокрый снег. Ледяные дожди ожидаются в столичном регионе в понедельник, также возможны осадки в виде снега и мокрого снега, сообщил РИА Новости ведущий специалист центра погоды «Фобос» Евгений Тишковец.;12:46, 16 ноября 2025;https://resizer.mail.ru/p/4565a1dc-064d-5b06-81b5-b393d64e9203/AQAGSCkh-nlh7QVtnhABvqfRCTIYvvZKbKym3q_Zb-ZqAprylzTBwg79ju99geTVwzsv7QeOfOZXjdyFoj6CnujKSfk.jpg;https://news.mail.ru/society/68729019/
news.mail.ru;ARTICLE (3);Россиянам напомнили о ежедневных пенях за просрочку налогов: долг могут списать со счета без суда;Общество ◯ Комсомольская правда (https://www.kp.ru) ◯ Владельцам недвижимости, земельных участков и транспортных средств в России за несвоевременную уплату налогов на сумму задолженности ежедневно будет начисляться пеня. Ее размер составляет одну трехсотую действующей ключевой ставки Банка России. Об этом пишет РИА Новости со ссылкой на Федеральную налоговую службу.;12:44, 16 ноября 2025;https://resizer.mail.ru/p/0de52396-f69f-5078-a916-e3041bebdd05/AQAGUu1zDA0WsqNzEgpK4JhAuoAYJbcqqOREHlVpDP6E5I49HOenSzBBMsYZ7gcnXLfrC2prd5_qCkOENr7GEL8AY6g.jpg;https://news.mail.ru/society/68729012/
news.mail.ru;ARTICLE (3);Аэропорты Самары, Пензы и Саратова возобновили работу после введения ограничений;Происшествия ◯ Комсомольская правда (https://www.kp.ru) ◯ Аэропорты в Самаре, Пензе и Саратове снова начали принимать и отправлять рейсы. Ограничения на работу были сняты. Об этом сообщил официальный представитель Росавиации Артем Кореняко в Telegram-канале.;12:43, 16 ноября 2025;https://resizer.mail.ru/p/f18ad02f-5de2-5465-ac7b-0f3f2653fade/AQAGIoU_wKyCCjZzHsEzE5EbNK1nYLFNPZVgXchSDVDJjvdn1tou9mlDAx89YSCiqAJZrg0eOxPq95MSKC3haYD-y24.jpg;https://news.mail.ru/incident/68729008/
news.mail.ru;ARTICLE (3);Лебедев: по объектам ПВО ВСУ в Харьковской области нанесли удары;Общество ◯ Аргументы и факты (https://aif.ru/) ◯ В районе Чугуева Харьковской области нанесены удары по объектам противовоздушной обороны Украины, сообщил координатор николаевского пророссийского сопротивления Сергей Лебедев.;12:40, 16 ноября 2025;https://resizer.mail.ru/p/5f4630b2-5c93-5337-9cae-1884b0f01dec/AQAGN7LGUWle5YyJhW-t56OSGXzjqVhF7yLfuisd2GTyJ4J2Ckd9SdGablEvfvPLIfpCUT6Bco_LopA_TdVHINSiLrg.png;https://news.mail.ru/society/68728999/
news.mail.ru;ARTICLE (3);Аналитик Рябцев: Россия шестой раз меняет тактику ударов по энергосистеме Украины;Политика ◯ Life.ru (https://life.ru) ◯ «На моём счету это уже шестая тактика России. Две её основные составляющие: попытки нарушить целостность объединённой энергосистемы по Днепру и второе — это попытка отделить от объединённой энергосистемы периферийные подсистемы электроцентралей», — пояснил специалист.;12:38, 16 ноября 2025;https://resizer.mail.ru/p/c9b54490-c636-5c9a-a51d-a9523b476fb3/AQAGYdOYl7W4ev5P7yWqJmsh66G09ntJumE1MG6uxsh0IRoySQAPo0SfZwLdm-r3OlGS39J7_TCrL0v8qfrT_Rvr8iM.png;https://news.mail.ru/politics/68728986/
news.mail.ru;ARTICLE (3);В Москве ударили зимние морозы;Общество ◯ © РИА Новости (https://ria.ru/) ◯ Декабрьские морозы ударили в московском регионе минувшей ночью, в Подмосковье температура опустилась до минус 7,6 градуса, сообщил РИА Новости ведущий специалист центра погоды «Фобос» Евгений Тишковец.;12:38, 16 ноября 2025;https://resizer.mail.ru/p/503a7127-c35b-5afa-a9ef-a997d79f91b9/AQAGUQW9yG72RYo-UJV6CtBwtTDol0KKbmz_lu_2gDXV9pwD5F_Mnb5ccc4KrfttcPQcsH-YR8Drn-76IL-bdMZSW8M.jpg;https://news.mail.ru/society/68728982/
news.mail.ru;ARTICLE (4);Черногория согласилась обучать армию Украины. Военная операция, день 1362-й;Политика ◯ Газета.Ру (https://www.gazeta.ru/) ◯ Парламент Черногории согласился отправить военных для участия в миссии НАТО по обучению армии Украины. Франция намерена развивать сотрудничество с Украиной в вопросах производства БПЛА, заявил глава МИД республики Жан-Ноэль Барро. По информации Reuters, Новороссийский порт вновь начал отгрузку нефти после паузы, вызванной атаками украинских ракет и беспилотников. «Газета.Ru» ведет хронику событий.;12:35, 16 ноября 2025;https://resizer.mail.ru/p/0af75b2a-cc3d-5868-9650-c81392a57026/AQAG1MQtyWosk9o9D9gRvKssKDr9PwWErfopByyWozuTdEQZsmCuoRpbKEPTOEn313LJ1OXGWyT_2FqMxOONe20U-HI.jpg;https://news.mail.ru/politics/68728972/
news.mail.ru;ARTICLE (4);В Китае арестовали бывшего настоятеля монастыря Шаолинь;Происшествия ◯ © РИА Новости (https://ria.ru/) ◯ Бывшего настоятеля Шаолиньского монастыря арестовали в Китае. Народная прокуратура города Синьсян китайской провинции Хэнань санкционировала арест бывшего настоятеля Шаолиньского монастыря Ши Юнсиня, подозреваемого в коррупционных преступлениях, сообщает в воскресенье Центральное телевидение Китая.;12:35, 16 ноября 2025;https://resizer.mail.ru/p/8294ae1f-42b5-5ae1-9e7d-2aaaa5e005b9/AQAGBKYOnuzv2VhTGO9dvuYv6McuqZgAQjGroVCDT-1iNKNchA9kQz1eAF0fw-EgASY5jMadxLW0GafXh_dGEuMPno0.jpg;https://news.mail.ru/incident/68728947/
news.mail.ru;ARTICLE (4);Овечкин забросил 902-ю шайбу в регулярных чемпионатах НХЛ;Общество ◯ Life.ru (https://life.ru) ◯ Несмотря на личный успех, капитан «Вашингтона» Александр Овечкин не смог привести свою команду к победе в домашнем поединке регулярного чемпионата НХЛ против «Нью-Джерси». Легендарный российский форвард пополнил свой актив очередной заброшенной шайбой и результативным пасом. Эта шайба стала для Овечкина 902-й в регулярных сезонах НХЛ, что лишь укрепило его статус рекордсмена лиги по голам.;12:23, 16 ноября 2025;https://resizer.mail.ru/p/ad973404-12f9-5bb2-8c63-665a3eced50b/AQAGgxKsZaNedZXCRTKMf5aYpX7FrAGqcDWbKx0uXnC83JWpui3I2cO6es4m-FqaBZBxVFbeTDQdOSyT5CjcC9ARyBE.jpg;https://news.mail.ru/society/68728919/
news.mail.ru;ARTICLE (4);Русская туристка поехала в Аргентину и схватила преступника в одиночку: она действовала быстрее полиции;Общество ◯ Комсомольская правда (https://www.kp.ru) ◯ В Аргентине русская туристка самостоятельно отбилась от преступников, сбив одного из них с мотоцикла. Женщина сработала даже быстрее полиции. Об этом пишет газета La Nacion.;12:23, 16 ноября 2025;https://resizer.mail.ru/p/acc68058-078f-58a8-af53-a5975dbfb0e5/AQAGByTHT6rMnk8eU2jjJB5tchGDo_jiJAIbRZTanug5UEvyMG46MMkOAFCLUdmVbe3GFLrzFDyx-c4tR5k_EGZnBDw.jpg;https://news.mail.ru/society/68728910/
news.mail.ru;ARTICLE (4);Риттер: от Украины будет все больше провокаций в отношении России;Политика ◯ Аргументы и факты (https://aif.ru/) ◯ Украина будет наращивать масштабы провокаций в отношении России по мере приближения к завершению конфликта, заявил информационному агентству ТАСС бывший аналитик разведки Корпуса морской пехоты США Скотт Риттер.;12:20, 16 ноября 2025;https://resizer.mail.ru/p/19ba937d-f90a-59c6-b7eb-bfa4f9e486a6/AQAGeGaikkN1xrLfdzXKE9rtZhaZ3LNNyBeQ5prJSOfLQ5CUePv93MxAWHDO_fXXVuKp6DDYhu7hJmZM24SSDfJ9wv4.png;https://news.mail.ru/politics/68728900/
news.mail.ru;ARTICLE (4);В Уфе суд обязал клинику провести женщине ЭКО после смерти ее мужа;Общество ◯ © РИА Новости (https://ria.ru/) ◯ Суд в Уфе по просьбе женщины обязал частную клинику провести ей ЭКО без согласия супруга, который скоропостижно скончался, говорится в судебных материалах в распоряжении РИА Новости.;12:18, 16 ноября 2025;https://resizer.mail.ru/p/19e9119a-8276-5007-8f9b-51983e18d92a/AQAG0SjXXSrH1M_Nsm8NVY2hMgGDm3nYHbtqwYTjo0cmLKkhxdFalBciJDAbR9o-bMCID5SgwEA2Zo3SgjnkyaxtHoM.jpg;https://news.mail.ru/society/68728881/
news.mail.ru;ARTICLE (4);Астроном Сурдин: человечество сможет пережить вспышку сверхновой;Общество ◯ Газета.Ру (https://www.gazeta.ru/) ◯ Вспышка сверхновой — одно из самых ярких явлений во Вселенной, которое позволяет отжившей свой век звезде на короткое время затмить свет целых галактик. Но что будет с Землей и человечеством, если неподалеку от Солнца взорвется одна из них? Астрономы XX века считали, что сверхновые несут колоссальную угрозу для жизни, сейчас же отношение к ним слегка поменялось. Вместе с астрономом Владимиром Сурдиным «Газета.Ru» разбиралась, может ли сверхновая положить конец человеческой цивилизации даже в гипотетических сценариях и можно ли укрыться от взрыва в бункере.;12:15, 16 ноября 2025;https://resizer.mail.ru/p/18bcead3-dd6d-5f85-b738-df11e2b2d0ae/AQAGx5NsmMsqcOafHc-Oy5oyV-hK35TFAbt5KICeXEPLJ2PodYj4uKcj8jZS3E7P3wujE_gxgcU2OSrte2zJldDBBr4.jpg;https://news.mail.ru/society/68728861/
news.mail.ru;ARTICLE (4);Lancet: в мире растет количество детей, страдающих от гипертонии;Общество ◯ Аргументы и факты (https://aif.ru/) ◯ Ученые связывают эту тенденцию с ухудшением образа жизни и ростом числа случаев ожирения. Эксперты фиксируют значительное число случаев детской гипертонии. «Детская гипертония затрагивает значительную и растущую часть детского населения по всему миру», — отмечается в публикации на портале Lancet.;12:14, 16 ноября 2025;https://resizer.mail.ru/p/3775518e-327f-5126-b757-9a09a98ec24d/AQAGeU_rNrWBMmCqhafqNqEd3Mj_3-y-WZAvHBXQfKBDrtEHNPvpX6DNJycgFWDubK7aB5YZYiA8_dzysukLBu7m7PM.png;https://news.mail.ru/society/68728853/
news.mail.ru;ARTICLE (4);Филиппо призвал отменить визит Зеленского в Париж из-за коррупционного дела;Политика ◯ Аргументы и факты (https://aif.ru/) ◯ Президент Франции Эммануэль Макрон должен отменить визит главы киевского режима Владимира Зеленского из-за коррупционного скандала, разразившегося на Украине, заявил лидер французской партии «Патриоты» Флориан Филиппо.;12:14, 16 ноября 2025;https://resizer.mail.ru/p/0dddde4f-f8e7-513b-b503-0e90077206c3/AQAGfqYpGtPTUICA_Yqenz_D30HHGSnHXIPapPQxQOJqRh806DROskeN0ehuDG1-46_Rz9GUrUIcKtj66zBwf-DQkFc.png;https://news.mail.ru/politics/68728852/
news.mail.ru;ARTICLE (4);Бойцы ВСУ пытались убить дроном сдавшегося в плен сослуживца;Политика ◯ Life.ru (https://life.ru) ◯ Украинский военнослужащий Антон Чернявский поделился шокирующими подробностями о своих сослуживцах. В беседе с РИА «Новости» пленный боец рассказал, что они предприняли попытку его ликвидации с помощью беспилотника сразу после того, как он сложил оружие перед российскими военными.;12:13, 16 ноября 2025;https://resizer.mail.ru/p/2f0e0768-2ae5-5b26-a23f-f044c3fc1193/AQAGimD1rN5lUirGZ4pQegsrmVheWz-hOrD9VG59BKtjHvhCJA8gqyiHBAEDzn_wGIHDTyeADzbxMFk1neLk4g2ztFU.jpg;https://news.mail.ru/politics/68728845/
news.mail.ru;ARTICLE (4);В Белгородской области запустили радиооповещение об атаках БПЛА;Происшествия ◯ Аргументы и факты (https://aif.ru/) ◯ Оповещение о налётах БПЛА теперь транслируется через радиостанции «Мир Белогорья» и «Радио Z». В Грайворонском округе Белгородской области жители будут получать информацию о возможных атаках беспилотников на частотах двух радиостанций. Об этом сообщил губернатор Вячеслав Гладков в своём Telegram-канале.;12:12, 16 ноября 2025;https://resizer.mail.ru/p/1b922b76-d09c-5319-afbd-17d881c354f9/AQAGVTiuwpz-1fp4Lr9X5cP68TYCUHSCNYP3P5xT5meTFmcOWoLDXy7V5BppJ60NtX_1ygl_SeiowazgtUKmqqzbOww.png;https://news.mail.ru/incident/68728839/
news.mail.ru;ARTICLE (4);Роджер Уотерс: Запад скрывает от людей правду о нацистах на Украине;Общество ◯ Аргументы и факты (https://aif.ru/) ◯ Основатель группы Pink Floyd Роджер Уотерс заявил, что власти западных стран целенаправленно скрывают от своих граждан информацию о неонацистских движениях на Украине. Об этом музыкант рассказал в интервью РИА Новости.;12:12, 16 ноября 2025;https://resizer.mail.ru/p/b397d524-daa3-5585-8188-fda2a897def3/AQAGJ2x1SUw7Jwmf5SvZJ27w7k6xk148UW9bpDWmq5QCnMt3UqQ2E1Gr4j6m3qMy5fqrRMDCjytl6oEaq-ezUpRxAy8.png;https://news.mail.ru/society/68728838/
news.mail.ru;ARTICLE (4);Пары газа вспыхнули в свердловском селе, пострадали три человека;Происшествия ◯ Ura.ru (https://ura.news) ◯ В селе Нижняя Синячиха на улице Устье в транспортном металлическом контейнере воспламенились пары газа. В результате пострадали три человека. Об этом сообщили в ГУ МЧС Свердловской области. «В результате пожара пострадали три человека, госпитализированы в медицинское учреждение. С огнем справились за 8 минут 3 пожарных и 1 единица техники», — рассказали в пресс-службе ведомства.;12:04, 16 ноября 2025;https://resizer.mail.ru/p/ef3d3fa6-7a9f-5053-849c-564a0ccaf810/AQAGL9X9mnC9dU5AHdOjE3CiSAgYA2OilUmlXERLJ5LGCwS80sIZ5H6CnOXY37ZQSSwfB42EWT_Tu2HyhWrXYVrFPnA.png;https://news.mail.ru/incident/68728796/
news.mail.ru;ARTICLE (4);Врачи рассказали о пугающей тенденции: детей во всем мире поражает одна и та же болезнь;Общество ◯ Комсомольская правда (https://www.kp.ru) ◯ Во всем мире стремительно растет число случаев детской гипертонии. Об этом заявляет портал Lancet со ссылкой на исследование врачей. Как отмечается в публикации, рост заболеваемости детей гипертонией может быть связан с образом жизни. Тот стремительно ухудшается, а некоторые несовершеннолетние и вовсе страдают от ожирения.;12:00, 16 ноября 2025;https://resizer.mail.ru/p/78aa2d36-37b2-56fc-9409-db3d14cb56e6/AQAGfUKKCy8dXIgnGCx0z7J5O2wSh5-6TjF1XgiSO61BCYqz4lMfMfgagBpJjmjLmKMJr_gYJ0sIPgDg3IJ4NAb7RUk.jpg;https://news.mail.ru/society/68728763/
news.mail.ru;ARTICLE (4);Боец ММА Диллон Дэнис устроил драку с командой Ислама Махачева в Нью-Йорке;Общество ◯ Life.ru (https://life.ru) ◯ Боец ММА Диллон Дэнис устроил драку с командой Ислама Махачева. Видео © X / booterlehman / NeslyJunior24 / ChampRDS.;11:59, 16 ноября 2025;https://resizer.mail.ru/p/553f34c5-222d-567e-bad0-fc1a81972c72/AQAGknQOwP8sDPcSfwSOWyGN1XERrtWyUOq6Ry6SngIxEwMwbHqqzr_wbBNTZOoRBtHd58_9rLaI22wBsiY0Ry1iBcw.png;https://news.mail.ru/society/68728756/
news.mail.ru;ARTICLE (4);У побережья Курил ожидается шторм с волнами высотой более 4 метров;Общество ◯ Аргументы и факты (https://aif.ru/) ◯ В Курильском районе Сахалинской области объявили экстренное предупреждение. В Курильском районе Сахалинской области объявили экстренное предупреждение из-за прогнозируемого у охотоморского побережья острова Итуруп шторма с волнами моря высотой в 4 и более метров.;11:59, 16 ноября 2025;https://resizer.mail.ru/p/5c3d7a72-7780-55d8-a202-fb269a8fdf4f/AQAGambX1ccLp5CYCtHyepvkZ2ooC4O_bXPp1SvjrNpb3o83riYoTiZTgBK7XLw48EnFq-LYKs97A7nmh00HZoYAbMw.png;https://news.mail.ru/society/68728746/
news.mail.ru;ARTICLE (4);ВСУ под видом мирных жителей бегут с позиций на Харьковском направлении;СВО ◯ Аргументы и факты (https://aif.ru/) ◯ Подразделения 57-й отдельной мотопехотной бригады ВСУ начали отступление с занимаемых позиций на Харьковском направлении. Об этом сообщили РИА Новости со ссылкой на российские силовые структуры.;11:57, 16 ноября 2025;https://resizer.mail.ru/p/d00d11f3-560d-5160-86ba-1f424f670442/AQAGFwU8QCSf_S2aDe265TXSGTAUTqI8lbaxk7oWzyHP_B3gDkbecSlqIPj9JO3bkaPYLKH2GXYHRqiuy1Irs_zOq1E.png;https://news.mail.ru/svo/68728734/
news.mail.ru;ARTICLE (4);Танкисты ВС РФ уничтожили опорные пункты ВСУ в районе Димитрова;Происшествия ◯ Аргументы и факты (https://aif.ru/) ◯ Российские танкисты продолжают успешно уничтожать опорные пункты и живую силу ВСУ в районе села Димитров на красноармейском направлении в рамках СВО, сообщает Министерство обороны РФ.;11:55, 16 ноября 2025;https://resizer.mail.ru/p/0d70bf86-8148-5217-88f7-62a740029bc5/AQAGszbfGu80t8rGb2Ke-0xubyw_HxOSj7CpvoqmPtHkCn8YYTmM_pkpWlYDMG3dZ5y3efIULugwml0-x54Ywcg_i_I.png;https://news.mail.ru/incident/68728727/
news.mail.ru;ARTICLE (4);Силы ПВО за ночь сбили 57 украинских беспилотников над регионами России;Политика ◯ Комсомольская правда (https://www.kp.ru) ◯ Российские системы противовоздушной обороны продолжают предотвращать атаки со стороны киевского режима. За прошедшую ночь над регионами РФ было сбито сразу 57 беспилотников Вооруженных сил Украины. Об этом сообщает Министерство обороны.;11:52, 16 ноября 2025;https://resizer.mail.ru/p/ea392f1a-a7be-5a4d-a97b-08929dc37a0b/AQAGYm6K8usUlILfKSuRJclHx7iDMgCkWpyND6PXD6vFxQVFssXTNa5y20ZXosw1Gqsl8Iox9dQWZYctkvHWsgsU0Jo.jpg;https://news.mail.ru/politics/68728714/
news.mail.ru;ARTICLE (4);Bloomberg: политика Мерца может привести к роспуску правительства ФРГ;Политика ◯ Аргументы и факты (https://aif.ru/) ◯ Отсутствие ощутимых результатов политики канцлера Германии Фридриха Мерца способно привести к досрочному роспуску правительства. Об этом сообщает агентство Bloomberg со ссылкой на аналитиков.;11:50, 16 ноября 2025;https://resizer.mail.ru/p/88bc3631-647f-57fd-b917-a2496e87e064/AQAG69_vbRu8xonYuJ5qmI-a8wTjBO6T-HybgH17MgPuZ0TgAtdb9TvXGYpfGR1zOTywAzqRwUjiRaECtocBIw7RLYU.png;https://news.mail.ru/politics/68728707/
news.mail.ru;ARTICLE (5);За ночь расчёты ПВО уничтожили 57 украинских беспилотников над регионами России;СВО ◯ Life.ru (https://life.ru) ◯ За прошедшую ночь расчёты противовоздушной обороны перехватили и уничтожили 57 дронов Вооружённых сил Украины (ВСУ) над регионами России. Об этом сообщила пресс-служба Минобороны РФ. Наибольшее количество беспилотников — 23 — сбили над Самарской областью. 17 БПЛА ликвидировали над Волгоградской областью. По пять дронов уничтожили над Саратовской и Ростовской областями, по три — над Курской и Воронежской областями. Ещё один украинский беспилотный летательный аппарат самолётного типа перехватили над Брянской областью.;11:49, 16 ноября 2025;https://resizer.mail.ru/p/d61c64ac-6534-52a1-aa1f-802550c5cb9e/AQAGOzBeU28EkG0XOakg0vvjjGkZ7q9wzhFORWkwTKjc_aIwlX7r4wmdWAcKe1Sihd4RNHATgXssHkIFLiwcODD-TS0.png;https://news.mail.ru/svo/68728704/
news.mail.ru;ARTICLE (5);Российские дроны сожгли несколько машин ВСУ, пытавшихся прорваться в Купянск;Политика ◯ Life.ru (https://life.ru) ◯ Расчёты FPV-дронов группировки войск «Запад» уничтожили несколько автомобилей Вооружённых сил Украины (ВСУ), которые пытались прорваться в Купянск. Кадры поражения техники обнародовало Министерство обороны России.;11:40, 16 ноября 2025;https://resizer.mail.ru/p/5cb83142-6e88-54e3-8bfc-cca076a5b295/AQAGpCvZmHI2kr1Xf4Z8kGS0ZediVl1tDwW2dj1FBGYcODg0Fm6CGLpANUBrLRrznvbz8lVun-Q4pJK6Ktq7NhWTB_g.png;https://news.mail.ru/politics/68728663/
news.mail.ru;ARTICLE (5);В Улан-Удэ после пожара в доме трое детей попали в больницу;Происшествия ◯ Аргументы и факты (https://aif.ru/) ◯ Трое детей пострадали в результате пожара, который произошёл в жилом доме в Улан-Удэ, сообщило Главное управление МЧС России по Бурятии.;11:35, 16 ноября 2025;https://resizer.mail.ru/p/e71bee57-0530-5859-a5c3-d36bd0a73051/AQAGaOLx3y6oe_8-I2yS7lwHeA1JjGujBo5xBOiXXVcZYYhegWvyW-2y34L_w3Ys8kaiMX1p7BdfH87VqR1B_B2G-Wk.png;https://news.mail.ru/incident/68728642/
news.mail.ru;ARTICLE (5);В Литве указали на нехватку финансирования оборонной сферы;Политика ◯ Известия (https://iz.ru/) ◯ В Литве заметно недофинансирование военной сферы, из-за чего армия может быть вынуждена вести оборону с помощью коктейлей Молотова. Об этом 15 ноября заявил литовский генерал Раймундас Вайкшнорас в эфире радио LRT.;11:34, 16 ноября 2025;https://resizer.mail.ru/p/cbc56ad5-f279-5e31-a12b-2178275bd30d/AQAGTvefWZkIqe1Nlp-uoxLv3Gm133ZM1MLYFsODpg5-KN9TsxSV-UjuJlFKuv3xOpIv5oyglWUm_3qi_GmBiyWm4V4.jpg;https://news.mail.ru/politics/68728580/
news.mail.ru;ARTICLE (5);Контрактники ВСУ в возрасте 18−24 лет массово дезертируют под Сумами;Общество ◯ Аргументы и факты (https://aif.ru/) ◯ Бойцы ВСУ в возрасте 18−24 лет, пришедшие на службу по контракту, массово дезертируют в районе села Садки Сумской области. Об этом сообщает Telegram-канал российской группировки войск «Север» «Северный Ветер».;11:33, 16 ноября 2025;https://resizer.mail.ru/p/9eb8d5f9-3da2-5ece-8a81-3c7de473deb3/AQAGmIrkRh-jlEUWBYvxwBr7vmfwbaA6CqDbN_vpqZa2OrmD9wXpfSPIomwwElufJokceX3BvXzKjNT1zHq9QUUDrFU.png;https://news.mail.ru/society/68728627/
news.mail.ru;ARTICLE (5);В Литве заговорили о необычном оружии для возможного конфликта с Россией;Политика ◯ Life.ru (https://life.ru) ◯ Командующий Вооружёнными силами Литвы, генерал Раймундас Вайкшнорас в эфире LRT предупредил, что в случае гипотетического конфликта с Россией недостаточное финансирование армии может привести к ситуации, когда солдатам придётся использовать коктейли Молотова.;11:29, 16 ноября 2025;https://resizer.mail.ru/p/40ce7190-d0df-5dee-b67c-2153164cb855/AQAG6UPCwhFZdqzA3SUppSuhLkR8k8vwAOdTdkn-pXtDoswYOXZp_SaBbFjA65yUmiSBsSTnH5XuVW1ZVlyCEHFT61Y.png;https://news.mail.ru/politics/68728616/
news.mail.ru;ARTICLE (5);Землетрясение магнитудой 5 произошло на Камчатке;Происшествия ◯ Аргументы и факты (https://aif.ru/) ◯ Эпицентр располагался в 113 километрах от Петропавловска-Камчатского. На Камчатке зафиксировано землетрясение магнитудой 5 баллов. Об этом сообщается в Камчатском филиале Единой геофизической службы РАН. Эпицентр находился в 113 км от Петропавловска-Камчатского. Землетрясение произошло на глубине 20 км.;11:29, 16 ноября 2025;https://resizer.mail.ru/p/81901d96-a8ae-5e17-acc2-0eb6ab0359c3/AQAGkEI-_QWKC3UYneISERuQ1Etvd4gVxsL-nzZL_Hj07Z-_w3c_bsREJQd8WSZKXKS3Ii4S62Y0Vt5LsfPYGg_p3Mo.png;https://news.mail.ru/incident/68728612/
news.mail.ru;ARTICLE (5);Более 100 полицейских пострадали в столкновениях с молодежью в Мехико;Происшествия ◯ Аргументы и факты (https://aif.ru/) ◯ 60 правоохранителей получили легкие травмы и были обработаны на месте, еще 40 человек доставлены в медицинские учреждения. В результате столкновений на молодежном антиправительственном марше в центре Мехико пострадали более 100 сотрудников полиции. Об этом сообщил министр общественной безопасности мексиканской столицы Пабло Васкес Камачо на пресс-конференции.;11:25, 16 ноября 2025;https://resizer.mail.ru/p/34722946-c8c7-53e7-98d6-83dea59e7525/AQAGfboKqXmGA2pkhYkMYzsCgZXWhwhQuxW0zkpCAyumRjE2Qp7qj5UWGj7NfGd_QutOwByZH0EK82D2cHblhcCcnJE.png;https://news.mail.ru/incident/68728603/
news.mail.ru;ARTICLE (5);Поставки пива из Евросоюза в Россию упали до минимума за десять лет;Политика ◯ Комсомольская правда (https://www.kp.ru) ◯ Импорт пива из стран Европейского союза в Россию снизился до минимальных значений с начала 2015 года. В сентябре текущего года было ввезено всего три тысячи тонн. Об этом свидетельствуют данные Евростата.;11:22, 16 ноября 2025;https://resizer.mail.ru/p/5e789165-d2f1-516c-ba9c-982c9a454bbe/AQAGrBwvJ0ZurWRoJ0vOq_Z7g1SqFP2qdAsbIPOFVzpTP_r_s03iMw0D-QxU35EjPIo0KC1JQ8g4VaOpW_anVRfYflQ.jpg;https://news.mail.ru/politics/68728594/
news.mail.ru;ARTICLE (5);Тепло вернется: синоптик рассказал о сюрпризах погоды после первого снега;Общество ◯ Аргументы и факты (https://aif.ru/) ◯ Жители Москвы, наблюдавшие первый снег 15 ноября, не должны к нему слишком привыкать. По словам экспертов, это лишь краткосрочный визит зимы, который очень скоро сменится привычной для ноября слякотью и дождями. Подробностями о капризах погоды с читателями aif.ru поделился синоптик прогностического центра «Метео» Александр Ильин.;11:20, 16 ноября 2025;https://resizer.mail.ru/p/d3f7e0b1-5e36-5fb1-9db4-2ef98291c976/AQAG-vEmJhdLd13ehyHVSI5xEtlNNDnDB9665kFp128RFSK_zx7hBDwi90cfeyXB66rdHgU0cjBlLFCIOgMrUxtzdwY.png;https://news.mail.ru/society/68728576/
news.mail.ru;ARTICLE (5);Трое детей госпитализированы после пожара в Улан-Удэ;Происшествия ◯ Life.ru (https://life.ru) ◯ Пожарные спасли троих детей из горящей квартиры на проспекте Строителей в Улан-Удэ. Происшествие случилось минувшей ночью. Мальчики 12, 4 и полутора лет были госпитализированы с признаками отравления продуктами горения. Об этом сообщает региональный главк МЧС.;11:16, 16 ноября 2025;https://resizer.mail.ru/p/f545cc64-a95c-5603-8cf5-bfca02eacf48/AQAG1YljNPI-xeQjzGWdiKjwPscxLKAlHTRqdfh-L9ENn2QCd-1pV2cVKKHIa_spxyFfTHdUc6xvqqW-8Z9xXXgnGuo.jpg;https://news.mail.ru/incident/68728560/
news.mail.ru;ARTICLE (5);ВС России уничтожили бронетранспортер ВСУ под Константиновкой;СВО ◯ © РИА Новости (https://ria.ru/) ◯ Операторы БПЛА уничтожили бронетранспортер ВСУ под Константиновкой. Операторы беспилотных систем «Южной» группировки войск в режиме свободной охоты на константиновском направлении в ДНР уничтожили бронетранспортер, пикап, квадроцикл и наземный робототехнический комплекс ВСУ, сообщили в Минобороны России.;11:13, 16 ноября 2025;https://resizer.mail.ru/p/9a8ef1fc-6b37-50b4-8b4e-29d02bd9c223/AQAGo9BPDnYbEJTVODo3Z7sCKtf8GZtdqzQb4hE45OfQwYSrVS7NX-D8yld3rWh9MfLNHrxNnjjaaN3lJb7uSJqUUYs.jpg;https://news.mail.ru/svo/68728497/
news.mail.ru;ARTICLE (5);ВС России дронами уничтожили машины ВСУ, пытавшиеся прорваться в Купянск;СВО ◯ Комсомольская правда (https://www.kp.ru) ◯ Российская армия с помощью беспилотников успешно уничтожила несколько машин боевиков Вооруженных сил Украины, пытавшихся прорваться в Купянск. Об этом сообщило Министерство обороны РФ.;11:12, 16 ноября 2025;https://resizer.mail.ru/p/c0945ab7-7e1f-559a-919f-afe8431ac121/AQAG7XhPJKW_V5medq75l9bAw054_tiXQJCGbobPD0HRKR1Om3fi4bmuRCkOqLdJcUIdTw1-oUF2ezjVX-hD6W4FvYE.jpg;https://news.mail.ru/svo/68728539/
news.mail.ru;ARTICLE (5);В Госдуме напомнили о праве россиян потребовать перерасчёт за плохое отопление;Общество ◯ Life.ru (https://life.ru) ◯ Жильцы имеют право требовать пересчёта платежей за отопление в случаях, когда в квартирах или подъездах температура воздуха опускается ниже установленной нормы. Такое разъяснение в беседе с корреспондентом ТАСС предоставил первый заместитель председателя думского комитета по строительству и ЖКХ Сергей Колунов.;11:06, 16 ноября 2025;https://resizer.mail.ru/p/10b9d843-6fa1-5a14-875c-966b79bbb66b/AQAG6h8NMTfxQjmenXpKWwpRU0IMaw--tD5gudhyvIfMUTlmsQ0xU0gYphYXL9wanLHhDwfQz849bOy6Z6uSu-90tDs.jpg;https://news.mail.ru/society/68728518/
news.mail.ru;ARTICLE (5);В России раскрыли замысел Мерца: канцлер задумал создать гитлерюгенд на Украине;Общество ◯ Комсомольская правда (https://www.kp.ru) ◯ Идею канцлера ФРГ Фридриха Мерца о мобилизации украинской молодежи сравнили с гитлерюгендом. Цель инициативы — физическое уничтожение целого поколения. Об этом заявил первый зампред комитета Госдумы по делам СНГ, евразийской интеграции и связям с соотечественниками Виктор Водолацкий.;11:06, 16 ноября 2025;https://resizer.mail.ru/p/bba0bba8-afe0-5f36-af14-b89b5872c95b/AQAG6DUJlo5v_nja_esMiMrN9Ok3fgUe9bcknnfczPiQ9bXRcZn_xkDVME43_VXsZ4cY8jNwaJ5V9AYYgROXO5EBT2Q.jpg;https://news.mail.ru/society/68728513/
news.mail.ru;ARTICLE (5);В Иркутской области загорелись два мебельных цеха;Происшествия ◯ Аргументы и факты (https://aif.ru/) ◯ Пожар охватил два цеха по производству диванов в Усолье-Сибирском Иркутской области, сообщило региональное управление МЧС России.;11:05, 16 ноября 2025;https://resizer.mail.ru/p/e4ec5440-e1f2-59d0-8ea0-bfd0f85a90a0/AQAG--ETNPjGGwisZwlxMuNlX_our7bX9040Lz926Ey1TCz0dyWy6_Jum9bQWlSLNNKTLQXtyKCb6Ypn9cFPLEUCfVY.png;https://news.mail.ru/incident/68728509/
news.mail.ru;ARTICLE (5);Марш протеста в Мехико привел к столкновению молодежи с полицией: ранены более 100 человек;Общество ◯ Комсомольская правда (https://www.kp.ru) ◯ В Мехико прошел многочисленный антиправительственный марш. Местом сбора стал центр города. В акции протеста приняли участие молодые жители Мехико. В результате марш перетёк в стычки с полицией. Ранения получили более 100 сотрудников правопорядка. Об этом сообщил министр общественной безопасности Пабло Васкес Камачо в ходе пресс-конференции.;11:04, 16 ноября 2025;https://resizer.mail.ru/p/864087cf-90bf-5e59-a521-304c3bc7f5bf/AQAGioDAe8w5M4jM82tOM7vKLKmPhKSxph2qaRDPWnnt25XnNkEkWkUGp_ZfgRxN8cQViG5zMRtTOdA48I-DkTwOemk.jpg;https://news.mail.ru/society/68728502/
news.mail.ru;ARTICLE (5);Миндичгейт: Трамп одним ударом хочет скинуть Зеленского и достать Байдена;Политика ◯ Аргументы и факты (https://aif.ru/) ◯ На Украине набирает обороты коррупционный скандал, который начался 10 ноября после обысков, проведённых Национальным антикоррупционным бюро Украины (НАБУ) в офисах «Энергоатома» и у Миндича. Следователи заявили, что расследуют схемы отмывания средств и незаконного обогащения. Кому и для чего нужен этот скандал, aif.ru рассказал экс-депутат Верховной рады Владимир Олейник.;11:03, 16 ноября 2025;https://resizer.mail.ru/p/f1307d00-df3b-5d88-8d30-854144a6d792/AQAGtGwgdaq_8tZDWEJWoUoDoL8DvEo3oh3PdVwJsKZ4VaF1zyT280YNX72yb85bXnYZoFFUo0OXf0VBwOF57BNqsAs.png;https://news.mail.ru/politics/68728496/
news.mail.ru;ARTICLE (5);В Аргентине россиянка задержала преступника, сбив его с мотоцикла;Происшествия ◯ Life.ru (https://life.ru) ◯ В Аргентине россиянка задержала преступника, сбив его с мотоцикла. Видео © X / Massimo.;11:02, 16 ноября 2025;https://resizer.mail.ru/p/27497218-28f7-5f73-9c23-cc6f4652c443/AQAGGsxazGa7r6BCbX1ErOS39DplqTjk3HGVmKpoCA1xqKTOKTg0KcnXkfjwQnfRJL8c4xK4bF_vMBcErYjMdDBQCKU.png;https://news.mail.ru/incident/68728484/
news.mail.ru;ARTICLE (5);Во Франции предложили направлять замороженные активы РФ на покупку оружия;Политика ◯ Life.ru (https://life.ru) ◯ Министр-делегат по европейским делам при МИД Франции Бенжамен Аддад предложил использовать замороженные в Европе активы России для закупок европейского вооружения. Его заявление прозвучало в эфире телеканала LCI.;11:00, 16 ноября 2025;https://resizer.mail.ru/p/614fa7a2-f31b-5f0f-ac8c-c37f1977a1f5/AQAGskk2bIJ3sMUdr0C0ljKE8vUYYyc8mOrwT_zPky-gAVA4oanQLXQ5tFRn5mnG-tuAiob0V75lcHbtoCnGnI2QQfc.jpg;https://news.mail.ru/politics/68728465/
news.mail.ru;ARTICLE (6);Слуцкий предложил ввести дополнительный отпуск для предпенсионеров;Общество ◯ Аргументы и факты (https://aif.ru/) ◯ Депутаты ЛДПР во главе с Леонидом Слуцким подготовили законопроект, предусматривающий введение дополнительного оплачиваемого отпуска для работников предпенсионного возраста и трудящихся пенсионеров. Об этом пишет ТАСС.;11:00, 16 ноября 2025;https://resizer.mail.ru/p/2ace83cc-e668-5a79-b026-b9294150513f/AQAGuDabrQ0mutJc3S5c4aPGAEItodnsq3njb86iSlcqXmqn4WnvmFof3sfQUEnTWHxWRMhW3zKciOhAgNKHKRas-OA.png;https://news.mail.ru/society/68728462/
news.mail.ru;ARTICLE (6);Украинская молодежь бежит из ВСУ: заключившие контракт всё чаще оставляют позиции;СВО ◯ Комсомольская правда (https://www.kp.ru) ◯ Молодежь призывного возраста на Украине не спешит отдавать жизнь за страну. Солдаты возрастом от 18 до 24 лет, служащие по контракту, массово оставляют позиции. Такие случаи замечены в Сумской области. Об этом рассказали в силовых структурах РФ, цитирует ТАСС.;10:53, 16 ноября 2025;https://resizer.mail.ru/p/de54f7a5-cdb0-5388-85e8-e243771ab728/AQAGmsi-9orLhI5GZxO5gUrYSuWcr2xO-sd9YrgRKStYxfM3GoVO95F15dwV_b3IxciZcgiBFqGDvImOM47BVfv7MLY.jpg;https://news.mail.ru/svo/68728444/
news.mail.ru;ARTICLE (6);В ходе беспорядков на марше «Поколения Z» в Мехико пострадали 100 полицейских;Политика ◯ Life.ru (https://life.ru) ◯ В столице Мексики в субботу произошли массовые столкновения между правоохранителями и участниками антиправительственных выступлений, организованных движением «Поколение Z». По официальным данным, в результате инцидента травмы различной степени тяжести получили не менее 100 сотрудников полиции.;10:51, 16 ноября 2025;https://resizer.mail.ru/p/6958d23d-fae7-5887-bc2a-e8cd97e2c521/AQAGamd6lySLj0TqKqPr7hqfD0fCufw7CIAF_GNyzxqWMTv0D_KLMaDxfMekSmJy6HG2pdrEozCOjVf04T5t6LwPEBM.jpg;https://news.mail.ru/politics/68728439/
news.mail.ru;ARTICLE (6);Власти Венесуэлы сообщили об обрушении трёх опор ЛЭП из-за саботажа;Происшествия ◯ Аргументы и факты (https://aif.ru/) ◯ Три опоры линии электропередачи обрушились в венесуэльском штате Ансоатеги в результате саботажа, сообщило министерство энергетики Венесуэлы.;10:50, 16 ноября 2025;https://resizer.mail.ru/p/35acfa54-be13-5279-95a6-dc6c59a4d1f0/AQAGBknTZF85G6lFDDRHe6ZIUiFnGu-Kh1CnlNs_yitJfQJoxhAd-pmaOasKXhHWYDius4p4H-w-NG9j1dAzjqIYbh8.png;https://news.mail.ru/incident/68728434/
news.mail.ru;ARTICLE (6);Летящая смерть: дроноводы объявили месть за казнь священника и мирных;Общество ◯ Аргументы и факты (https://aif.ru/) ◯ В зоне специальной военной операции каждый день приносит новые свидетельства чудовищных преступлений со стороны украинских боевиков. То, что еще недавно казалось немыслимым нарушением всех моральных и юридических норм, сегодня стало обычным делом для Вооруженных сил Украины (ВСУ). Ярчайшим примером бесчеловечности стала недавняя трагедия под Константиновкой в ДНР, где боевики ВСУ убили дронами семьи священника и прихожан храма.;10:49, 16 ноября 2025;https://resizer.mail.ru/p/41bf5e88-404d-55c8-aa0e-1c8201889a60/AQAGP-Ayxav0Fz64NoY64iy64P3yE5eJddhdsqCR85dtuHayPaj-SNEtgN01flFgg5DyeDKsIQhcrYmgNS2d97vhn4E.png;https://news.mail.ru/society/68728428/
news.mail.ru;ARTICLE (6);В Улан-Удэ возник пожар в многоэтажке, трое детей отравились угарным газом;Происшествия ◯ Комсомольская правда (https://www.kp.ru) ◯ В Улан-Удэ трое детей попали в больницу с отравлением угарным газом из-за пожара в многоквартирном доме. Об этом информирует региональное МЧС. Как сообщает ведомство, в ночь на 16 ноября загорелась квартира на проспекте Строителей. Пожар был ликвидирован на площади 10 кв. м.;10:48, 16 ноября 2025;https://resizer.mail.ru/p/def3bbee-5926-572a-ab6e-8571ef8705e0/AQAGC5vxZayqf0B4wM7wftY4FgeHrj0P_eSHGovc_LcHsq8vEB6xpLTEtzG5y_Kngg0HhfwvD2BNEEjxiK9RWBkGMw8.jpg;https://news.mail.ru/incident/68728427/
news.mail.ru;ARTICLE (6);В столкновениях с молодежью в Мехико пострадали более 100 полицейских;Происшествия ◯ © РИА Новости (https://ria.ru/) ◯ В столкновениях с молодежью в центре Мехико пострадали более 100 полицейских. Более 100 сотрудников правопорядка пострадали при столкновениях на молодежном антиправительственном марше в центре Мехико, сообщил на пресс-конференции министр общественной безопасности столицы Пабло Васкес Камачо.;10:46, 16 ноября 2025;https://resizer.mail.ru/p/27e68104-e3c6-53d8-ad6c-751b842d1dbe/AQAGaj5tbkKFxDz1HhUYWpQRttcFHsMbnactvzASkisHth1lRxapT2kkTc7c0CwMTWutzJmGzCD_i6ggV4A3fyheJbU.jpg;https://news.mail.ru/incident/68728366/
news.mail.ru;ARTICLE (6);В Киеве и ряде областей Украины объявили воздушную тревогу;СВО ◯ © РИА Новости (https://ria.ru/) ◯ В Киеве и девяти областях Украины объявили воздушную тревогу. Воздушная тревога объявлена в Киеве, а также Киевской, Черкасской, Полтавской, Кировоградской, Николаевской, Днепропетровской, Харьковской, Сумской и Черниговской областях Украины, свидетельствуют данные онлайн-карты украинского министерства цифровой трансформации.;10:43, 16 ноября 2025;https://resizer.mail.ru/p/6cdeabc9-a250-5c52-8587-f63271d4c7e3/AQAGl1CTP_QqyHeoiolms7zpz3MOUV8Mij7rPpFfqxf32x_xwD241WP5YNfyiqATqifBayhMbX64OQqvdWlMXBp-A40.jpg;https://news.mail.ru/svo/68728300/
news.mail.ru;ARTICLE (6);В Австралии гоночный автомобиль врезался в толпу зрителей, есть пострадавшие;Происшествия ◯ Life.ru (https://life.ru) ◯ В регионе Новый Южный Уэльс в Австралии гоночный автомобиль, участвовавший в соревнованиях, врезался в толпу зрителей. По данным телеканала 7News, в результате инцидента пострадали девять человек, один из пострадавших находится в критическом состоянии.;10:42, 16 ноября 2025;https://resizer.mail.ru/p/15bf9b1c-f7ba-5c68-b793-c8f0baea45fb/AQAGAut15ot0hsuBj_rSC3u5c-EZLlkjpB-dtSlXLm8T-OlBLbjRIiYG9LZBmCiREKWYdjLIX7-u5JuJom3kk3LgQQg.png;https://news.mail.ru/incident/68728412/
news.mail.ru;ARTICLE (6);Роспотребнадзор сообщил, по каким признакам можно распознать герпес;Общество ◯ Life.ru (https://life.ru) ◯ По информации Роспотребнадзора, симптомы герпеса проявляются через 2−12 дней после заражения: сначала в месте проникновения вируса возникают зуд, жжение, онемение и покраснение, затем появляются сгруппированные пузырьки, наполненные жидкостью. Когда они вскрываются, на их месте появляются мелкие эрозии, которые вскоре заживают. Об этом пишет РИА «Новости».;10:39, 16 ноября 2025;https://resizer.mail.ru/p/c20f8898-ffcf-576b-a06b-1cb9b66e172c/AQAGYh0Y5WlSOC_CjdCLwXFjl7EUGcGj0qnAUW1LIBT5yB4M1zrcnHSVsLf7_-r60GIO0yl4zt9n_81tDtIpjHqkbVE.jpg;https://news.mail.ru/society/68728404/
news.mail.ru;ARTICLE (6);В Литве рассказали, как страна будет бороться с РФ в случае конфликта: что готовы применить;Политика ◯ Комсомольская правда (https://www.kp.ru) ◯ Литовская армия переживает не лучшие времена. Вооруженные силы страны не готовы к гипотетическому конфликту с иностранными государствами. В случае войны с Россией Литва будет вынуждена бороться с помощью коктейлей Молотова. Так заявил командующий армией Раймундас Вайкшнорас в эфире LRT.;10:38, 16 ноября 2025;https://resizer.mail.ru/p/b39a41f3-5407-5df4-b483-7b67e4404688/AQAGdyrimCH8OwDAPndSEnzzZ247dOeRldXakN9RItkV8YTYZNMf4lVb7KdF_C9IBIWrj3xldMRpc33_dKEuuGxuwGE.jpg;https://news.mail.ru/politics/68728400/
news.mail.ru;ARTICLE (6);Буферная зона по Днепру и Сумам: офицер Иванников о переломе в СВО;Общество ◯ Аргументы и факты (https://aif.ru/) ◯ Ситуация на фронте приобретает стратегический характер, открывая для российских войск новые оперативные возможности. Как сообщил в эксклюзивном интервью aif.ru советник Российской академии ракетных и артиллерийских наук, кандидат исторических наук, подполковник запаса Олег Иванников, продвижение в районе Гуляйполя кардинально меняет расстановку сил.;10:37, 16 ноября 2025;https://resizer.mail.ru/p/bdec162a-8f72-532d-a2d9-b6ec433e725c/AQAG642sV0FH5umEvXzZzem0fIoOBGWGmDhlx1bS-NDTnILHRZU8tP9GrNhJ8FIm8C8I43PbuGPTNyfmd27Wp5rzLBM.png;https://news.mail.ru/society/68728392/
news.mail.ru;ARTICLE (6);Катастрофа ВСУ: российские бойцы бьют рекорды по прорыву в Запорожье;Общество ◯ Аргументы и факты (https://aif.ru/) ◯ Российские военные успешно продвигаются сразу в нескольких направлениях в Запорожской области. ВС РФ берут под свой контроль поселок за поселком и стремительно прорываются к ключевому для украинской армии населенному пункту — городу Запорожье.;10:33, 16 ноября 2025;https://resizer.mail.ru/p/bf35a5fa-1db7-563e-91ae-1ac2c0bdab5b/AQAGUvC4SauDuu7xrQ9V3BPdm-0Nfgunp2tjcdSoSk8bCWGIbGuA__Hd5oep9MkiUjbbVCMr1XkEpsJ2Yo-8pWe3KjY.png;https://news.mail.ru/society/68728384/
news.mail.ru;ARTICLE (6);Экс-премьер Украины Азаров: США активно ищут замену Зеленскому;Политика ◯ Аргументы и факты (https://aif.ru/) ◯ Азаров подчеркнул, что на Украине нет политиков, которые могли бы обеспечить нормальное развитие страны. Американские власти подбирают замену Владимиру Зеленскому, приглашая в Вашингтон других представителей киевского режима, бывший премьер-министр Украины Николай Азаров.;10:29, 16 ноября 2025;https://resizer.mail.ru/p/b2fecd8d-ad0c-59ab-aca7-dcdbb363779f/AQAGYnr5yygb9muF-WuQfeob1YekrHagyagBHiqWFj1hdvUxCbL-cSqI5QixBbvqK3HDjz3FoB_ZRAg0rmmROlxyKu8.png;https://news.mail.ru/politics/68728367/
news.mail.ru;ARTICLE (6);ВСУ атаковали ряд жилых домов в Волгограде: три человека пострадали, есть разрушения зданий;Происшествия ◯ Комсомольская правда (https://www.kp.ru) ◯ В Волгограде в результате удара БПЛА ВСУ пострадали несколько многоквартирных домов. У них повреждены фасады, остекление и придомовая территория. Об этом сообщил губернатор области Андрей Бочаров.;10:28, 16 ноября 2025;https://resizer.mail.ru/p/8b6a1501-15c3-50ba-a1bb-dfee50543c07/AQAGoYICduwGGzgjB-P3R4rODi9AoEnxtJC5DfNj5QiEpzvrY8BhCU8Smuti-mDHIPX16VfgcuXU4gSCprN8GRaC8rg.jpg;https://news.mail.ru/incident/68728364/
news.mail.ru;ARTICLE (6);Глава МИД Фидан: украинский конфликт стоит Европе €1 трлн совокупных расходов;Политика ◯ Комсомольская правда (https://www.kp.ru) ◯ Европейские лидеры потратили колоссальную сумму на поддержку Украины. Политические и экономические последствия для ЕС ощутимы. Турецкий министр иностранных дел Хакан Фидан отметил, что ограничения Евросоюза против РФ оказали влияние на европейцев. Глава МИД заявил, что украинский конфликт обходится Европе в 1 триллион евро, цитирует телеканал A Haber.;10:25, 16 ноября 2025;https://resizer.mail.ru/p/eabc67ed-9fd4-501c-9bd4-eb3c7c48d022/AQAGSPfqqFLS4aTAhTRZwx9k1ddcAc7IdJREcmZvpl8z04BbgSAW5BwYvp9FyViINvdgoo1VrnsC06jf5LpqKogFoYQ.jpg;https://news.mail.ru/politics/68728356/
news.mail.ru;ARTICLE (6);Орбан заявил о возможном скором завершении конфликта на Украине;Политика ◯ Life.ru (https://life.ru) ◯ По мнению премьер-министра Венгрии Виктора Орбана, конфликт на Украине может завершиться в скором времени. Об этом он заявил в интервью гендиректору германской медиагруппы Axel Springer Матиасу Депфнеру на платформе YouTube.;10:23, 16 ноября 2025;https://resizer.mail.ru/p/472214f5-d09d-5b70-83f2-0abf860f1701/AQAGocQb0e1l3ci1p1JFUMw0trH0WJuyldtneItiG2cL7QpAHtrifUc1WpA7ChiT5kQqBX99ZA9VJvrOeQZ2E3YE4Ho.jpg;https://news.mail.ru/politics/68728350/
news.mail.ru;ARTICLE (6);Олейник: коррупционный скандал на Украине поможет Трампу выйти на Байдена;Политика ◯ Аргументы и факты (https://aif.ru/) ◯ Коррупционный скандал на Украине нужен Трампу, чтобы выйти на семью Байдена и других лидеров, объяснил aif.ru экс-депутат Верховной рады Владимир Олейник.;10:20, 16 ноября 2025;https://resizer.mail.ru/p/f5cac014-4a27-5f8e-ad8f-0a384bf2d598/AQAGqsB8Gt2i7cG4RSBRHZqju-mVoORH5cxl5wtvjZXalno5m4u9rZdP6nAQBkBwTVBNcLcZakoMbiloLmTyxWKoz2Y.png;https://news.mail.ru/politics/68728341/
news.mail.ru;ARTICLE (6);В воскресенье жителей Москвы и Подмосковья ожидают облачность и гололедица;Общество ◯ Life.ru (https://life.ru) ◯ В Москве температурный фон в дневное время составит от −2 до 0 градусов, тогда как в ночные часы столбики термометров опустятся до отметки −4 градуса. На территории Московской области похолодание окажется более значительным: днём от −4 до +1 градуса, а ночью до −5 градусов.;10:13, 16 ноября 2025;https://resizer.mail.ru/p/b0dc67e3-028d-5b11-9f2b-b847e4e82d30/AQAGMs9UrwAQFfQ6BRB0jrHeMW8MEW8LUjOP1zCWDHoJGfIKTT36G-PQ1RWu1Q6YWTNUs-_HQhmLpGNpDUebnOgBdsY.jpg;https://news.mail.ru/society/68728314/
news.mail.ru;ARTICLE (6);Россиянам напомнили о своевременной оплате налогов: сколько стоит день просрочки;Общество ◯ Комсомольская правда (https://www.kp.ru) ◯ До 1 декабря граждане РФ обязаны оплатить ряд налогов. В их числе взнос за недвижимость, землю и автомобиль. В случае просрочки собственники будут платить пени. Они начисляются в размере одной трехсотой от ключевой ставки Центробанка, пишет РИА Новости.;10:11, 16 ноября 2025;https://resizer.mail.ru/p/4e1a4489-2de8-5732-95a9-729534cc5876/AQAGRiIjulqllpkB704t2BJjSqvxBrrQp-FidO4xgFa5QsMXXe7vmLjLck2HHuB134vrwrtmc-wrx3AZdmKqsQxNlZ0.jpg;https://news.mail.ru/society/68728306/
news.mail.ru;ARTICLE (7);Иванников: боевики ВСУ превратили мирных граждан в мишени для тренировок;Общество ◯ Аргументы и факты (https://aif.ru/) ◯ Боевики ВСУ превращают мирных жителей территорий у ЛБС в живые мишени для тренировки, рассказал aif.ru советник Российской академии ракетных и артиллерийских наук, кандидат исторических наук, подполковник запаса Олег Иванников.;10:08, 16 ноября 2025;https://resizer.mail.ru/p/42ec4be0-70a3-59fd-9518-4587c6651b58/AQAGgG92MmKxoSRG9whPTaq3GKKGY0uewSVsOjbZTcEWlmXdlOMNlwD3SLCwFJq92heyoA85OcMQHxb6-brvxyXSw_Q.png;https://news.mail.ru/society/68728294/
news.mail.ru;ARTICLE (7);Попытка спрятаться: Брижит Макрон напугала французов странным поведением;Политика ◯ Аргументы и факты (https://aif.ru/) ◯ Появление Брижит Макрон на траурной церемонии в память о жертвах терактов 13 ноября в Париже вызвало бурное обсуждение во французских и международных СМИ.;10:04, 16 ноября 2025;https://resizer.mail.ru/p/c2f329d8-318c-5a48-817c-b91bf438656e/AQAGB5m3ZGb1Ayne3loZZKhXvM_x94_Ao1zvcO7q0EaHWFIpZPYzQpGLaNtgbSYqXeqGjJ5nbqP1GZx1VFrk2ky9moY.png;https://news.mail.ru/politics/68728274/
news.mail.ru;ARTICLE (7);Силы ПВО отразили атаку БПЛА в четырех районах Ростовской области;Происшествия ◯ Аргументы и факты (https://aif.ru/) ◯ Губернатор Ростовской области Юрий Слюсарь сообщил, что ночью над северными районами региона была успешно отражена масштабная атака беспилотников. По его словам, системы противовоздушной обороны и средства радиоэлектронной борьбы сработали в нескольких муниципалитетах.;10:04, 16 ноября 2025;https://resizer.mail.ru/p/577688a8-2b5f-5965-8031-ee30c464402b/AQAGaJPe3b2_G8r1WG5VMoh0FZK8dXpHKKMNnS77-5qHqYMenE7pEtkVhhADMHqA98TlbPml4xRa-A89Pfm3CqSF8Pg.png;https://news.mail.ru/incident/68728273/
news.mail.ru;ARTICLE (7);Мошенники внедрили использование геоданных в схемы дистанционных хищений;Общество ◯ Life.ru (https://life.ru) ◯ «Зарегистрированы факты дистанционных хищений денежных средств, при которых злоумышленники, используя доверительные отношения, установленные на сайтах знакомств, получали актуальные геоданные жертвы», — предупредили в ведомстве.;10:03, 16 ноября 2025;https://resizer.mail.ru/p/caed4a50-3ed7-5638-8fb3-5c2dc1edff39/AQAGDav2v43Rg0qY2yEGYOEkQJaP4ZIiTRHd-cMUmJovu9a2izMkztafp0UtVLczbADpxHNOSGWwYbsJrxM5AqH1i2g.png;https://news.mail.ru/society/68728271/
news.mail.ru;ARTICLE (7);В четырех российских аэропортах приостановлен прием и выпуск рейсов;Общество ◯ Комсомольская правда (https://www.kp.ru) ◯ В России остановили работу четыре аэропорта. Временные ограничения введены, в том числе, в воздушных гаванях Уфы и Оренбурга. Они действуют с 05 утра по Москве. Такие данные опубликовала Росавиация.;10:01, 16 ноября 2025;https://resizer.mail.ru/p/142d9edd-1ead-5e87-be11-11908bd47b0e/AQAG3ZVv66OPf4mmmIH-Hjr38Yu0M1xKTVQhxhNnz3aj9vWzIj0xiAoZdPanNClQ-7-cMVYdb8xuCq991KIdR494v18.jpg;https://news.mail.ru/society/68728259/
news.mail.ru;ARTICLE (7);В России могут ввести отпуск для предпенсионеров и пенсионеров: что известно;Общество ◯ Комсомольская правда (https://www.kp.ru) ◯ Работающим пенсионерам и гражданам предпенсионного возраста может быть предоставлен дополнительный оплачиваемый отпуск — 5 дней в год. С подобной законодательной инициативой выступила группа депутатов от ЛДПР во главе с Леонидом Слуцким. Документ, направленный в Правительство на заключение, имеется в распоряжении ТАСС.;10:01, 16 ноября 2025;https://resizer.mail.ru/p/9c39c074-1139-5af2-bce1-8698d4f447ee/AQAGGBuKD42wR-8hrv8zC7-SWwIX5Dv_2LorVXnDZBwV2KtgdKxOUPzz-WMYoAXVGz9S4zIB6StwbSsh-TAJupewaR8.jpg;https://news.mail.ru/society/68728258/
news.mail.ru;ARTICLE (7);Политолог Соскин: беженцев с Украины начнут насильно возвращать на родину;Политика ◯ Аргументы и факты (https://aif.ru/) ◯ Беженцев с Украины начнут принудительно возвращать на родину из Европы и США, заявил экс-советник Леонида Кучмы Олег Соскин.;09:58, 16 ноября 2025;https://resizer.mail.ru/p/da94db88-e98d-5761-9a9b-6c74c26c8465/AQAGv7U83rjN-i0gKzDZCX6ZgLc8KkFsrzUVujfyytjzNE3RUlhpZnYb8UVcxPfdoQC6ZxW4MMv60Lo9mIXmT9PeV_8.png;https://news.mail.ru/politics/68728235/
news.mail.ru;ARTICLE (7);Уведомления об уплате налогов перестали видеть жители Новосибирска;Общество ◯ Om1 Новосибирск (https://www.nsk.om1.ru) ◯ В УФНС по Новосибирской области напомнили о необходимости оплатить имущественные налоги до 1 декабря. До 1 декабря у жителей Новосибирской области осталось две недели для уплаты имущественных налогов — транспортного, земельного и налога на имущество, после чего начнется начисление пени и штрафов, сообщает пресс-служба УФНС по региону.;09:55, 16 ноября 2025;https://resizer.mail.ru/p/bc5785e1-1851-5571-a460-f9c4ca089c8f/AQAGCGTrqrAMX3odfqVOgmoMRw_oMj6VCGYFhjt2noWGfja1wVtUGLWDkfzAP_YkIYbuOhOpDJp8Kmx1eer28XB00_E.jpg;https://news.mail.ru/society/68728160/
news.mail.ru;ARTICLE (7);Хоккеисты «Сибири» проиграли в первом матче после отставки главного тренера;Общество ◯ Коммерсантъ (https://kommersant.ru) ◯ Хоккейная «Сибирь» не смогла набрать очки в первом матче после отставки главного тренера Вячеслава Буцаева. в Новосибирске она принимала московское «Динамо». Хозяева повели в счете уже на второй минуте после дальнего броска Тимура Ахиярова, но сохранить преимущество в дальнейшем не сумели. Динамовцы победили со счетом 3:2 (вторая шайба новосибирцев на счету Скотта Уилсона). Поражение стало для «Сибири» 12-м подряд, что является повторением антирекорда сезона 2008/2009.;09:54, 16 ноября 2025;https://resizer.mail.ru/p/21b281ab-cb1e-50e2-b1b2-779dae53c2a4/AQAGxVYITN-WxYqCSldu0PmthwjJcWLeCgRo7JjF5No9ndsJAOs9DHNTb8c3RwkYNC7i5ywrvziC-kVGveAyKDJkJjA.jpg;https://news.mail.ru/society/68728217/
news.mail.ru;ARTICLE (7);Западное общество меняет отношение к украинцам: в Киеве назвали дальнейшие шаги Европы и США;Политика ◯ Комсомольская правда (https://www.kp.ru) ◯ Граждан Украины вскоре депортируют из США и стран Европы обратно на родину. Это связано с ухудшением отношения к жителям на Западе. Так высказался бывший советник экс-президента Украины Олег Соскин в эфире YouTube.;09:54, 16 ноября 2025;https://resizer.mail.ru/p/e8365fdb-cf7d-50b3-9a04-e0c686f4d573/AQAGZQFLhMUpBYKOwZZcyiKNNimX1KRnIrsgVsmcRrypB3t93xK94B-rwJSQ2aNmxBBrYjEHbS-PILyGJkODSApu5F8.jpg;https://news.mail.ru/politics/68728226/
news.mail.ru;ARTICLE (7);Орбан выразил мнение, что украинский конфликт может скоро завершиться;Политика ◯ RT на русском (https://russian.rt.com) ◯ Премьер-министр Венгрии Виктор Орбан выразил мнение, что украинский конфликт может скоро завершиться. Об этом он сказал в интервью гендиректору германской медиагруппы Axel Springer Матиасу Депфнеру на YouTube. «Думаю, что мы очень близки к миру», — предположил Орбан.;09:53, 16 ноября 2025;https://resizer.mail.ru/p/3f204524-edad-5c27-baa0-5a2878552e8c/AQAGhqzouH_Lo5mgrPSnc5LZaCeLAQXaQOtwmyfLGiVUb_MdfUxY0sZzeb4ieUDieyb45oUm2__tWpLbpiYJ5JIOLrY.jpg;https://news.mail.ru/politics/68728194/
news.mail.ru;ARTICLE (7);В Новосибирске выставили на продажу памятник Ленину за 454 000 рублей;Общество ◯ Сиб.фм (https://sib.fm/) ◯ Памятник Ленину продают в Новосибирске. В Новосибирске появилось объявление о продаже памятника Ленину. На это обратил внимание корреспондент Сиб.фм. Фигура выполнена из алюминиевого сплава, высота около двух метров, а вес оценивается в 50−60 килограммов. Памятник находится в б/у состоянии. Стоимость составляет 454000 рублей.;09:52, 16 ноября 2025;https://resizer.mail.ru/p/31825bc1-e349-5859-b739-74e9103d53a4/AQAGUt3e9UCzxzT4SmhfOP99buFNP2Xj2_iXBecpbCG523sxu-dFTLdkjdz4FheH8fi98CRNbrpM-wWLtaLrKrxIl0Y.jpg;https://news.mail.ru/society/68727492/
news.mail.ru;ARTICLE (7);Последние подразделения ВСУ бегут из Ямполя в ДНР;Политика ◯ Life.ru (https://life.ru) ◯ «Последние подразделения украинских войск уходят из Ямполя, но самовольно. Боевики из 4-го батальона 111-й бригады теробороны дезертируют с позиций, оказавшись под мощнейшим огневым воздействием 25-й армии группировки “Запад”, — уточнил собеседник агентства.;09:52, 16 ноября 2025;https://resizer.mail.ru/p/6229a304-b04b-5cba-8f07-3b1e93282334/AQAG8exqDiMhVAJKNl62OSE8W14uNgDTqLiadhYx9cZ_x8Ojdbt6Xi-GlSGB7XsYDrV7-U9prI35d3PGtWzOdxM34E8.png;https://news.mail.ru/politics/68728220/
news.mail.ru;ARTICLE (7);Синоптик Ильин: после 22 ноября в Москву придут снегопады;Общество ◯ Аргументы и факты (https://aif.ru/) ◯ Стабильный снежный покров может установиться в Москве после 22 ноября, рассказал aif.ru синоптик прогностического центра «Метео» Александр Ильин.;09:52, 16 ноября 2025;https://resizer.mail.ru/p/d6297218-9799-524c-992e-2b12a0ed0d8a/AQAGECWO7AsC_ayHAOSlgbh4q0PW0ORzlA0NtWHEUoPqd2GBrY5kNq-DsxiSuh_tkRBfFYmPg-EUMYrwZG3-yIdHh5s.png;https://news.mail.ru/society/68728216/
news.mail.ru;ARTICLE (7);Три человека погибли при пожаре в Новосибирской области;Происшествия ◯ АиФ Новосибирск (https://nsk.aif.ru/) ◯ В Тогучинском районе Новосибирской области 15 ноября произошел трагический пожар в частном доме, в результате которого погибли три человека. Об этом сообщает прокуратура Новосибирской области. По предварительным данным следствия, жертвами стали двое взрослых — мужчина и женщина, и их маленький ребёнок 2021 года рождения.;09:47, 16 ноября 2025;https://resizer.mail.ru/p/0ecac39d-cd83-5a3f-b7ff-2fa8b817996e/AQAGNgEtttOmY1quzRr_NZVmudji_mJhiaAHo_clOI_5mr5DRclBMD4RKgMj-Zc8kQHFjApgamSf2Y32lkV9kyEEnwA.jpg;https://news.mail.ru/incident/68728181/
news.mail.ru;ARTICLE (7);Профайлер Панкратов: травля Брижит Макрон приведет к эмоциональным срывам;Политика ◯ Аргументы и факты (https://aif.ru/) ◯ Жена президента Франции Эммануэля Макрона — 72-летняя Брижит — столкнулась с сильной травлей из-за ее пола, которая будет иметь необратимые последствия, сообщил в беседе с aif.ru врач-психотерапевт, эксперт психологической безопасности Руслан Панкратов.;09:47, 16 ноября 2025;https://resizer.mail.ru/p/c2f329d8-318c-5a48-817c-b91bf438656e/AQAG7Sos22Thf3j9uMKGiBzM_k2toduamHz_OrYx7-ZrzA4hNPUMsntdgZtDSo9vuTRjTUqHzzdM6UQbQFKkebp5WF0.png;https://news.mail.ru/politics/68728203/
news.mail.ru;ARTICLE (7);На восьми улицах Новосибирска обустроят велодорожки;Общество ◯ Комсомольская правда (https://kp.ru/) ◯ Их будут делать во время строительства дорог. На восьми улицах Новосибирска появятся велодорожки. Об этом пишет ТАСС со ссылкой на мэрию города. Так, велодорожки собираются сделать при строительстве дорог по улицам Академика Будкера, Доватора, Дукача, Кирова, Спортивная, Каменском шоссе, проспекте Дзержинского и на Кутателадзе-Демакова-Арбузова.;09:46, 16 ноября 2025;https://resizer.mail.ru/p/6e5012f0-d920-597d-9efb-3da404fb95e9/AQAG6OazCSxS-8iSLeM9Qi1WKRfevxVi3XWlVJF3aABVJZIvlHngA9PclMA2tthpjRRKf_DS0j9f3haAVyolW0Ntar8.jpg;https://news.mail.ru/society/68728195/
news.mail.ru;ARTICLE (7);Ещё в трёх российских аэропортах ввели временные ограничения на полёты;Общество ◯ Life.ru (https://life.ru) ◯ Утром 16 ноября в аэропортах Нижнего Новгорода, Уфы и Оренбурга ввели временные ограничения на приём и выпуск воздушных судов. Одновременно с этим план «Ковёр» был отменён в воздушных гаванях Самары, Пензы и Уфы. Это следует из сообщения Росавиации.;09:46, 16 ноября 2025;https://resizer.mail.ru/p/997a6e94-6971-58f9-9671-a0f556321259/AQAGVxWB4V45NTe4KfGAJY0R3tqx3w9wrZzlwbd3IKNAWxJvSnwHzYcmzt7x4JivCsw6UWeu3_9qEyaPoXNQb6Cxvqs.png;https://news.mail.ru/society/68728198/
news.mail.ru;ARTICLE (7);Два нефтеперерабатывающих завода выставили на продажу в Новосибирске;Экономика ◯ Комсомольская правда (https://kp.ru/) ◯ Каждый лот оценили в 85 млн рублей. В Новосибирске выставили на продажу два нефтеперерабатывающих завода. Каждый лот оценили в 85 млн рублей. Объявления опубликованы на популярном сервисе. Так, один из заводов расположен в 25 км от Новосибирска. Продавец указывает, что предприятие может перерабатывать до 1,8 тысячи тонн нефти в месяц. Среднемесячный оборот составляет от 20 до 100 млн рублей, расход — 1,2 млн рублей, чистая прибыль от 2 до 8 млн рублей в месяц. Окупаемость бизнеса, по словам автора объявления, достигает 28 месяцев.;09:46, 16 ноября 2025;https://resizer.mail.ru/p/8c06aecf-f22a-5c7e-88ba-ef5b63f83594/AQAGfB-7x22leUnEhq7Mt4fGK3uen-ojKwXDtUlSTybKKIUZXvRciRv6aXFIBVLso0DffU0zGD-qhvYgetHbih0Z5zU.jpg;https://news.mail.ru/economics/68728108/
news.mail.ru;ARTICLE (7);Штрафы до 5 тысяч рублей ждут водителей Новосибирска без ОСАГО;Общество ◯ Om1 Новосибирск (https://www.nsk.om1.ru) ◯ Депутаты Госдумы приняли в первом чтении законопроект об автоматической фиксации нарушений с помощью дорожных камер. С 1 сентября 2026 года водителей в Новосибирске начнут штрафовать за отсутствие полиса ОСАГО с помощью дорожных камер фото- и видеофиксации.;09:45, 16 ноября 2025;https://resizer.mail.ru/p/7fc8419a-6e9d-525d-b8ef-d0fabb172122/AQAGuNDh4cq3uLxa8lkmjQ253eCn6kdu5PjxBhvw4wz01C6l7NFibxZUBP5e2MLWn3AYgQ3yGTd3tTUHc0Di_77ERQQ.jpg;https://news.mail.ru/society/68728114/
